
  .   ____          _            __ _ _
 /\\ / ___'_ __ _ _(_)_ __  __ _ \ \ \ \
( ( )\___ | '_ | '_| | '_ \/ _` | \ \ \ \
 \\/  ___)| |_)| | | | | || (_| |  ) ) ) )
  '  |____| .__|_| |_|_| |_\__, | / / / /
 =========|_|==============|___/=/_/_/_/

 :: Spring Boot ::                (v3.5.0)

2026-05-27T16:35:29.130+08:00  INFO 68081 --- [angu-resume-job-matcher] [           main] c.a.m.a.AnguResumeJobMatcherApplication  : Starting AnguResumeJobMatcherApplication using Java 25.0.1 with PID 68081 (/Users/zhanglei/cz/project/softwareCopyright/angu-resume-job-matcher/angu-admin/target/angu-admin-1.0.0.jar started by zhanglei in /Users/zhanglei/cz/project/softwareCopyright/angu-resume-job-matcher)
2026-05-27T16:35:29.136+08:00 DEBUG 68081 --- [angu-resume-job-matcher] [           main] c.a.m.a.AnguResumeJobMatcherApplication  : Running with Spring Boot v3.5.0, Spring v6.2.7
2026-05-27T16:35:29.136+08:00  INFO 68081 --- [angu-resume-job-matcher] [           main] c.a.m.a.AnguResumeJobMatcherApplication  : The following 1 profile is active: "dev"
2026-05-27T16:35:34.636+08:00  INFO 68081 --- [angu-resume-job-matcher] [           main] o.s.b.w.embedded.tomcat.TomcatWebServer  : Tomcat initialized with port 19915 (http)
2026-05-27T16:35:34.685+08:00  INFO 68081 --- [angu-resume-job-matcher] [           main] o.apache.catalina.core.StandardService   : Starting service [Tomcat]
2026-05-27T16:35:34.686+08:00  INFO 68081 --- [angu-resume-job-matcher] [           main] o.apache.catalina.core.StandardEngine    : Starting Servlet engine: [Apache Tomcat/10.1.41]
2026-05-27T16:35:34.761+08:00  INFO 68081 --- [angu-resume-job-matcher] [           main] o.a.c.c.C.[Tomcat].[localhost].[/]       : Initializing Spring embedded WebApplicationContext
2026-05-27T16:35:34.762+08:00  INFO 68081 --- [angu-resume-job-matcher] [           main] w.s.c.ServletWebServerApplicationContext : Root WebApplicationContext: initialization completed in 5437 ms
2026-05-27T16:35:34.911+08:00  INFO 68081 --- [angu-resume-job-matcher] [           main] c.a.d.s.b.a.DruidDataSourceAutoConfigure : Init DruidDataSource
2026-05-27T16:35:36.026+08:00  INFO 68081 --- [angu-resume-job-matcher] [           main] com.alibaba.druid.pool.DruidDataSource   : {dataSource-1} inited
Logging initialized using 'class org.apache.ibatis.logging.stdout.StdOutImpl' adapter.
2026-05-27T16:35:37.395+08:00 DEBUG 68081 --- [angu-resume-job-matcher] [           main] c.a.m.f.s.JwtAuthenticationFilter        : Filter 'jwtAuthenticationFilter' configured for use
2026-05-27T16:35:37.857+08:00  INFO 68081 --- [angu-resume-job-matcher] [           main] r$InitializeUserDetailsManagerConfigurer : Global AuthenticationManager configured with UserDetailsService bean with name userDetailsServiceImpl


,------.                           ,--.  ,--.         ,--.                         
|  .--. '  ,--,--.  ,---.   ,---.  |  '--'  |  ,---.  |  |  ,---.   ,---.  ,--.--. 
|  '--' | ' ,-.  | | .-. | | .-. : |  .--.  | | .-. : |  | | .-. | | .-. : |  .--' 
|  | --'  \ '-'  | ' '-' ' \   --. |  |  |  | \   --. |  | | '-' ' \   --. |  |    
`--'       `--`--' .`-  /   `----' `--'  `--'  `----' `--' |  |-'   `----' `--'    
                   `---'                                   `--'                        is intercepting.

2026-05-27T16:35:40.315+08:00  INFO 68081 --- [angu-resume-job-matcher] [           main] o.s.b.w.embedded.tomcat.TomcatWebServer  : Tomcat started on port 19915 (http) with context path '/'
2026-05-27T16:35:40.359+08:00  INFO 68081 --- [angu-resume-job-matcher] [           main] c.a.m.a.AnguResumeJobMatcherApplication  : Started AnguResumeJobMatcherApplication in 13.002 seconds (process running for 14.235)
2026-05-27T16:35:59.096+08:00  INFO 68081 --- [angu-resume-job-matcher] [io-19915-exec-1] o.a.c.c.C.[Tomcat].[localhost].[/]       : Initializing Spring DispatcherServlet 'dispatcherServlet'
2026-05-27T16:35:59.097+08:00  INFO 68081 --- [angu-resume-job-matcher] [io-19915-exec-1] o.s.web.servlet.DispatcherServlet        : Initializing Servlet 'dispatcherServlet'
2026-05-27T16:35:59.099+08:00  INFO 68081 --- [angu-resume-job-matcher] [io-19915-exec-1] o.s.web.servlet.DispatcherServlet        : Completed initialization in 1 ms
2026-05-27T16:36:01.528+08:00  INFO 68081 --- [angu-resume-job-matcher] [io-19915-exec-1] o.springdoc.api.AbstractOpenApiResource  : Init duration for springdoc-openapi is: 2254 ms
Creating a new SqlSession
SqlSession [org.apache.ibatis.session.defaults.DefaultSqlSession@4fd622e5] was not registered for synchronization because synchronization is not active
JDBC Connection [com.alibaba.druid.pool.DruidStatementConnection@3515cda0] will not be managed by Spring
==>  Preparing: SELECT * FROM sys_user WHERE username = ? AND deleted = 0
==> Parameters: admin(String)
<==    Columns: id, username, real_name, phone, password, status, error_count, locked_until, deleted, created_time, updated_time
<==        Row: 1, admin, System Admin, 13800000000, $2a$10$CHHVPySZmO5DsDtGjAXwXugfDw4hPiI4HiOGoc8MSuyJqVM1e000q, 1, 0, null, 0, 2026-05-27 14:37:46, 2026-05-27 14:37:46
<==      Total: 1
Closing non transactional SqlSession [org.apache.ibatis.session.defaults.DefaultSqlSession@4fd622e5]
Creating a new SqlSession
SqlSession [org.apache.ibatis.session.defaults.DefaultSqlSession@46c6f4c6] was not registered for synchronization because synchronization is not active
JDBC Connection [com.alibaba.druid.pool.DruidStatementConnection@3515cda0] will not be managed by Spring
==>  Preparing: SELECT DISTINCT m.perm_code FROM sys_menu m INNER JOIN sys_role_menu rm ON m.id = rm.menu_id INNER JOIN sys_user_role ur ON rm.role_id = ur.role_id WHERE ur.user_id = ? AND m.perm_code IS NOT NULL AND m.perm_code != ''
==> Parameters: 1(Long)
<==    Columns: perm_code
<==        Row: system:user:list
<==        Row: system:user:add
<==        Row: system:user:edit
<==        Row: system:user:delete
<==        Row: system:role:list
<==        Row: system:role:add
<==        Row: system:role:edit
<==        Row: system:role:delete
<==        Row: system:menu:list
<==        Row: system:menu:add
<==        Row: system:menu:edit
<==        Row: system:menu:delete
<==        Row: job:job:list
<==        Row: job:job:add
<==        Row: job:job:edit
<==        Row: job:job:delete
<==        Row: job:job:publish
<==        Row: job:job:close
<==        Row: resume:resume:list
<==        Row: resume:resume:add
<==        Row: resume:resume:edit
<==        Row: resume:resume:delete
<==        Row: resume:resume:export
<==        Row: match:match:execute
<==        Row: match:config:view
<==        Row: match:config:edit
<==        Row: application:list
<==        Row: application:add
<==        Row: application:edit
<==        Row: interview:list
<==        Row: interview:add
<==        Row: interview:edit
<==        Row: stats:dashboard:view
<==        Row: stats:report:view
<==        Row: stats:report:export
<==      Total: 35
Closing non transactional SqlSession [org.apache.ibatis.session.defaults.DefaultSqlSession@46c6f4c6]
Creating a new SqlSession
SqlSession [org.apache.ibatis.session.defaults.DefaultSqlSession@17e9ca9b] was not registered for synchronization because synchronization is not active
JDBC Connection [com.alibaba.druid.pool.DruidStatementConnection@3515cda0] will not be managed by Spring
==>  Preparing: SELECT * FROM sys_user WHERE username = ? AND deleted = 0
==> Parameters: admin(String)
<==    Columns: id, username, real_name, phone, password, status, error_count, locked_until, deleted, created_time, updated_time
<==        Row: 1, admin, System Admin, 13800000000, $2a$10$CHHVPySZmO5DsDtGjAXwXugfDw4hPiI4HiOGoc8MSuyJqVM1e000q, 1, 0, null, 0, 2026-05-27 14:37:46, 2026-05-27 14:37:46
<==      Total: 1
Closing non transactional SqlSession [org.apache.ibatis.session.defaults.DefaultSqlSession@17e9ca9b]
Creating a new SqlSession
SqlSession [org.apache.ibatis.session.defaults.DefaultSqlSession@1cecc80f] was not registered for synchronization because synchronization is not active
JDBC Connection [com.alibaba.druid.pool.DruidStatementConnection@3515cda0] will not be managed by Spring
==>  Preparing: SELECT DISTINCT m.perm_code FROM sys_menu m INNER JOIN sys_role_menu rm ON m.id = rm.menu_id INNER JOIN sys_user_role ur ON rm.role_id = ur.role_id WHERE ur.user_id = ? AND m.perm_code IS NOT NULL AND m.perm_code != ''
==> Parameters: 1(Long)
<==    Columns: perm_code
<==        Row: system:user:list
<==        Row: system:user:add
<==        Row: system:user:edit
<==        Row: system:user:delete
<==        Row: system:role:list
<==        Row: system:role:add
<==        Row: system:role:edit
<==        Row: system:role:delete
<==        Row: system:menu:list
<==        Row: system:menu:add
<==        Row: system:menu:edit
<==        Row: system:menu:delete
<==        Row: job:job:list
<==        Row: job:job:add
<==        Row: job:job:edit
<==        Row: job:job:delete
<==        Row: job:job:publish
<==        Row: job:job:close
<==        Row: resume:resume:list
<==        Row: resume:resume:add
<==        Row: resume:resume:edit
<==        Row: resume:resume:delete
<==        Row: resume:resume:export
<==        Row: match:match:execute
<==        Row: match:config:view
<==        Row: match:config:edit
<==        Row: application:list
<==        Row: application:add
<==        Row: application:edit
<==        Row: interview:list
<==        Row: interview:add
<==        Row: interview:edit
<==        Row: stats:dashboard:view
<==        Row: stats:report:view
<==        Row: stats:report:export
<==      Total: 35
Closing non transactional SqlSession [org.apache.ibatis.session.defaults.DefaultSqlSession@1cecc80f]
Creating a new SqlSession
Registering transaction synchronization for SqlSession [org.apache.ibatis.session.defaults.DefaultSqlSession@5b650f42]
JDBC Connection [com.alibaba.druid.pool.DruidStatementConnection@3515cda0] will be managed by Spring
==>  Preparing: INSERT INTO resume_main(name,phone,email,gender,birth_date,city,desired_position, desired_city,desired_salary_min,desired_salary_max,job_status,highest_edu, total_exp_years,file_path,parse_success,source,self_intro,deleted,creator_id,created_time) VALUES(?,?,?,?,?,?,?, ?,?,?,?,?, ?,?,?,?,?,0,?,NOW())
==> Parameters: 自动化回归候选人0527B(String), 13900005271(String), auto0527b@example.com(String), null, null, 杭州(String), 前端开发工程师(String), 杭州(String), null, null, null, null, null, null, null, MANUAL(String), 用于验证面试创建自动推进状态(String), 1(Long)
<==    Updates: 1
Releasing transactional SqlSession [org.apache.ibatis.session.defaults.DefaultSqlSession@5b650f42]
Fetched SqlSession [org.apache.ibatis.session.defaults.DefaultSqlSession@5b650f42] from current transaction
==>  Preparing: INSERT INTO resume_skill(resume_id,skill_name) VALUES(?,?)
==> Parameters: 2(Long), Vue3(String)
<==    Updates: 1
Releasing transactional SqlSession [org.apache.ibatis.session.defaults.DefaultSqlSession@5b650f42]
Fetched SqlSession [org.apache.ibatis.session.defaults.DefaultSqlSession@5b650f42] from current transaction
==>  Preparing: INSERT INTO resume_skill(resume_id,skill_name) VALUES(?,?)
==> Parameters: 2(Long), TypeScript(String)
<==    Updates: 1
Releasing transactional SqlSession [org.apache.ibatis.session.defaults.DefaultSqlSession@5b650f42]
Fetched SqlSession [org.apache.ibatis.session.defaults.DefaultSqlSession@5b650f42] from current transaction
==>  Preparing: SELECT * FROM resume_main WHERE id=? AND deleted=0
==> Parameters: 2(Long)
<==    Columns: id, name, phone, email, gender, birth_date, city, desired_position, desired_city, desired_salary_min, desired_salary_max, job_status, highest_edu, total_exp_years, file_path, parse_success, source, self_intro, deleted, creator_id, created_time, updated_time
<==        Row: 2, 自动化回归候选人0527B, 13900005271, auto0527b@example.com, null, null, 杭州, 前端开发工程师, 杭州, null, null, null, null, null, null, null, MANUAL, <<BLOB>>, 0, 1, 2026-05-27 16:36:50, 2026-05-27 16:36:50
<==      Total: 1
Releasing transactional SqlSession [org.apache.ibatis.session.defaults.DefaultSqlSession@5b650f42]
Fetched SqlSession [org.apache.ibatis.session.defaults.DefaultSqlSession@5b650f42] from current transaction
==>  Preparing: SELECT * FROM resume_education WHERE resume_id=? ORDER BY start_date DESC
==> Parameters: 2(Long)
<==      Total: 0
Releasing transactional SqlSession [org.apache.ibatis.session.defaults.DefaultSqlSession@5b650f42]
Fetched SqlSession [org.apache.ibatis.session.defaults.DefaultSqlSession@5b650f42] from current transaction
==>  Preparing: SELECT * FROM resume_work_exp WHERE resume_id=? ORDER BY start_date DESC
==> Parameters: 2(Long)
<==      Total: 0
Releasing transactional SqlSession [org.apache.ibatis.session.defaults.DefaultSqlSession@5b650f42]
Fetched SqlSession [org.apache.ibatis.session.defaults.DefaultSqlSession@5b650f42] from current transaction
==>  Preparing: SELECT * FROM resume_skill WHERE resume_id=?
==> Parameters: 2(Long)
<==    Columns: id, resume_id, skill_name
<==        Row: 4, 2, Vue3
<==        Row: 5, 2, TypeScript
<==      Total: 2
Releasing transactional SqlSession [org.apache.ibatis.session.defaults.DefaultSqlSession@5b650f42]
Transaction synchronization committing SqlSession [org.apache.ibatis.session.defaults.DefaultSqlSession@5b650f42]
Transaction synchronization deregistering SqlSession [org.apache.ibatis.session.defaults.DefaultSqlSession@5b650f42]
Transaction synchronization closing SqlSession [org.apache.ibatis.session.defaults.DefaultSqlSession@5b650f42]
Creating a new SqlSession
SqlSession [org.apache.ibatis.session.defaults.DefaultSqlSession@64df7409] was not registered for synchronization because synchronization is not active
JDBC Connection [com.alibaba.druid.pool.DruidStatementConnection@3515cda0] will not be managed by Spring
==>  Preparing: SELECT * FROM sys_user WHERE username = ? AND deleted = 0
==> Parameters: admin(String)
<==    Columns: id, username, real_name, phone, password, status, error_count, locked_until, deleted, created_time, updated_time
<==        Row: 1, admin, System Admin, 13800000000, $2a$10$CHHVPySZmO5DsDtGjAXwXugfDw4hPiI4HiOGoc8MSuyJqVM1e000q, 1, 0, null, 0, 2026-05-27 14:37:46, 2026-05-27 14:37:46
<==      Total: 1
Closing non transactional SqlSession [org.apache.ibatis.session.defaults.DefaultSqlSession@64df7409]
Creating a new SqlSession
SqlSession [org.apache.ibatis.session.defaults.DefaultSqlSession@6e271f79] was not registered for synchronization because synchronization is not active
JDBC Connection [com.alibaba.druid.pool.DruidStatementConnection@3515cda0] will not be managed by Spring
==>  Preparing: SELECT DISTINCT m.perm_code FROM sys_menu m INNER JOIN sys_role_menu rm ON m.id = rm.menu_id INNER JOIN sys_user_role ur ON rm.role_id = ur.role_id WHERE ur.user_id = ? AND m.perm_code IS NOT NULL AND m.perm_code != ''
==> Parameters: 1(Long)
<==    Columns: perm_code
<==        Row: system:user:list
<==        Row: system:user:add
<==        Row: system:user:edit
<==        Row: system:user:delete
<==        Row: system:role:list
<==        Row: system:role:add
<==        Row: system:role:edit
<==        Row: system:role:delete
<==        Row: system:menu:list
<==        Row: system:menu:add
<==        Row: system:menu:edit
<==        Row: system:menu:delete
<==        Row: job:job:list
<==        Row: job:job:add
<==        Row: job:job:edit
<==        Row: job:job:delete
<==        Row: job:job:publish
<==        Row: job:job:close
<==        Row: resume:resume:list
<==        Row: resume:resume:add
<==        Row: resume:resume:edit
<==        Row: resume:resume:delete
<==        Row: resume:resume:export
<==        Row: match:match:execute
<==        Row: match:config:view
<==        Row: match:config:edit
<==        Row: application:list
<==        Row: application:add
<==        Row: application:edit
<==        Row: interview:list
<==        Row: interview:add
<==        Row: interview:edit
<==        Row: stats:dashboard:view
<==        Row: stats:report:view
<==        Row: stats:report:export
<==      Total: 35
Closing non transactional SqlSession [org.apache.ibatis.session.defaults.DefaultSqlSession@6e271f79]
Creating a new SqlSession
Registering transaction synchronization for SqlSession [org.apache.ibatis.session.defaults.DefaultSqlSession@4cceed82]
JDBC Connection [com.alibaba.druid.pool.DruidStatementConnection@3515cda0] will be managed by Spring
==>  Preparing: SELECT * FROM job_position WHERE id=? AND deleted=0
==> Parameters: 1(Long)
<==    Columns: id, title, department, job_type, location, salary_min, salary_max, edu_require, exp_require, description, skill_tags, status, deleted, creator_id, created_time, updated_time
<==        Row: 1, 自动化测试职位-0527, 智能招聘部, FULL_TIME, 杭州, 10000, 20000, BACHELOR, 1, <<BLOB>>, <<BLOB>>, OPEN, 0, 1, 2026-05-27 16:17:13, 2026-05-27 16:18:52
<==      Total: 1
Releasing transactional SqlSession [org.apache.ibatis.session.defaults.DefaultSqlSession@4cceed82]
Fetched SqlSession [org.apache.ibatis.session.defaults.DefaultSqlSession@4cceed82] from current transaction
==>  Preparing: SELECT * FROM job_application WHERE position_id=? AND resume_id=? LIMIT 1
==> Parameters: 1(Long), 2(Long)
<==      Total: 0
Releasing transactional SqlSession [org.apache.ibatis.session.defaults.DefaultSqlSession@4cceed82]
Fetched SqlSession [org.apache.ibatis.session.defaults.DefaultSqlSession@4cceed82] from current transaction
==>  Preparing: INSERT INTO job_application(position_id,resume_id,status,operate_time,operator_id,remark,created_time) VALUES(?,?,?,NOW(),?,?,NOW())
==> Parameters: 1(Long), 2(Long), PENDING(String), 1(Long), 回归验证自动推进(String)
<==    Updates: 1
Releasing transactional SqlSession [org.apache.ibatis.session.defaults.DefaultSqlSession@4cceed82]
Fetched SqlSession [org.apache.ibatis.session.defaults.DefaultSqlSession@4cceed82] from current transaction
==>  Preparing: SELECT a.*, p.title as position_title, r.name as resume_name FROM job_application a LEFT JOIN job_position p ON a.position_id = p.id LEFT JOIN resume_main r ON a.resume_id = r.id WHERE a.id=?
==> Parameters: 2(Long)
<==    Columns: id, position_id, resume_id, status, operate_time, operator_id, remark, created_time, position_title, resume_name
<==        Row: 2, 1, 2, PENDING, 2026-05-27 16:36:50, 1, 回归验证自动推进, 2026-05-27 16:36:50, 自动化测试职位-0527, 自动化回归候选人0527B
<==      Total: 1
Releasing transactional SqlSession [org.apache.ibatis.session.defaults.DefaultSqlSession@4cceed82]
Transaction synchronization committing SqlSession [org.apache.ibatis.session.defaults.DefaultSqlSession@4cceed82]
Transaction synchronization deregistering SqlSession [org.apache.ibatis.session.defaults.DefaultSqlSession@4cceed82]
Transaction synchronization closing SqlSession [org.apache.ibatis.session.defaults.DefaultSqlSession@4cceed82]
Creating a new SqlSession
SqlSession [org.apache.ibatis.session.defaults.DefaultSqlSession@5ea929ca] was not registered for synchronization because synchronization is not active
JDBC Connection [com.alibaba.druid.pool.DruidStatementConnection@3515cda0] will not be managed by Spring
==>  Preparing: SELECT * FROM sys_user WHERE username = ? AND deleted = 0
==> Parameters: admin(String)
<==    Columns: id, username, real_name, phone, password, status, error_count, locked_until, deleted, created_time, updated_time
<==        Row: 1, admin, System Admin, 13800000000, $2a$10$CHHVPySZmO5DsDtGjAXwXugfDw4hPiI4HiOGoc8MSuyJqVM1e000q, 1, 0, null, 0, 2026-05-27 14:37:46, 2026-05-27 14:37:46
<==      Total: 1
Closing non transactional SqlSession [org.apache.ibatis.session.defaults.DefaultSqlSession@5ea929ca]
Creating a new SqlSession
SqlSession [org.apache.ibatis.session.defaults.DefaultSqlSession@6235acd] was not registered for synchronization because synchronization is not active
JDBC Connection [com.alibaba.druid.pool.DruidStatementConnection@3515cda0] will not be managed by Spring
==>  Preparing: SELECT DISTINCT m.perm_code FROM sys_menu m INNER JOIN sys_role_menu rm ON m.id = rm.menu_id INNER JOIN sys_user_role ur ON rm.role_id = ur.role_id WHERE ur.user_id = ? AND m.perm_code IS NOT NULL AND m.perm_code != ''
==> Parameters: 1(Long)
<==    Columns: perm_code
<==        Row: system:user:list
<==        Row: system:user:add
<==        Row: system:user:edit
<==        Row: system:user:delete
<==        Row: system:role:list
<==        Row: system:role:add
<==        Row: system:role:edit
<==        Row: system:role:delete
<==        Row: system:menu:list
<==        Row: system:menu:add
<==        Row: system:menu:edit
<==        Row: system:menu:delete
<==        Row: job:job:list
<==        Row: job:job:add
<==        Row: job:job:edit
<==        Row: job:job:delete
<==        Row: job:job:publish
<==        Row: job:job:close
<==        Row: resume:resume:list
<==        Row: resume:resume:add
<==        Row: resume:resume:edit
<==        Row: resume:resume:delete
<==        Row: resume:resume:export
<==        Row: match:match:execute
<==        Row: match:config:view
<==        Row: match:config:edit
<==        Row: application:list
<==        Row: application:add
<==        Row: application:edit
<==        Row: interview:list
<==        Row: interview:add
<==        Row: interview:edit
<==        Row: stats:dashboard:view
<==        Row: stats:report:view
<==        Row: stats:report:export
<==      Total: 35
Closing non transactional SqlSession [org.apache.ibatis.session.defaults.DefaultSqlSession@6235acd]
Creating a new SqlSession
Registering transaction synchronization for SqlSession [org.apache.ibatis.session.defaults.DefaultSqlSession@4631f67b]
JDBC Connection [com.alibaba.druid.pool.DruidStatementConnection@3515cda0] will be managed by Spring
==>  Preparing: SELECT a.*, p.title as position_title, r.name as resume_name FROM job_application a LEFT JOIN job_position p ON a.position_id = p.id LEFT JOIN resume_main r ON a.resume_id = r.id WHERE a.id=?
==> Parameters: 2(Long)
<==    Columns: id, position_id, resume_id, status, operate_time, operator_id, remark, created_time, position_title, resume_name
<==        Row: 2, 1, 2, PENDING, 2026-05-27 16:36:50, 1, 回归验证自动推进, 2026-05-27 16:36:50, 自动化测试职位-0527, 自动化回归候选人0527B
<==      Total: 1
Releasing transactional SqlSession [org.apache.ibatis.session.defaults.DefaultSqlSession@4631f67b]
Fetched SqlSession [org.apache.ibatis.session.defaults.DefaultSqlSession@4631f67b] from current transaction
==>  Preparing: UPDATE job_application SET status=?,operate_time=NOW(),operator_id=?,remark=? WHERE id=?
==> Parameters: RESUME_PASSED(String), 1(Long), 回归简历通过(String), 2(Long)
<==    Updates: 1
Releasing transactional SqlSession [org.apache.ibatis.session.defaults.DefaultSqlSession@4631f67b]
Fetched SqlSession [org.apache.ibatis.session.defaults.DefaultSqlSession@4631f67b] from current transaction
==>  Preparing: INSERT INTO application_log(application_id,from_status,to_status,operator_id,operator_name,remark,created_time) VALUES(?,?,?,?,?,?,NOW())
==> Parameters: 2(Long), PENDING(String), RESUME_PASSED(String), 1(Long), System Admin(String), 回归简历通过(String)
<==    Updates: 1
Releasing transactional SqlSession [org.apache.ibatis.session.defaults.DefaultSqlSession@4631f67b]
Transaction synchronization committing SqlSession [org.apache.ibatis.session.defaults.DefaultSqlSession@4631f67b]
Transaction synchronization deregistering SqlSession [org.apache.ibatis.session.defaults.DefaultSqlSession@4631f67b]
Transaction synchronization closing SqlSession [org.apache.ibatis.session.defaults.DefaultSqlSession@4631f67b]
Creating a new SqlSession
SqlSession [org.apache.ibatis.session.defaults.DefaultSqlSession@515ec047] was not registered for synchronization because synchronization is not active
JDBC Connection [com.alibaba.druid.pool.DruidStatementConnection@3515cda0] will not be managed by Spring
==>  Preparing: SELECT * FROM sys_user WHERE username = ? AND deleted = 0
==> Parameters: admin(String)
<==    Columns: id, username, real_name, phone, password, status, error_count, locked_until, deleted, created_time, updated_time
<==        Row: 1, admin, System Admin, 13800000000, $2a$10$CHHVPySZmO5DsDtGjAXwXugfDw4hPiI4HiOGoc8MSuyJqVM1e000q, 1, 0, null, 0, 2026-05-27 14:37:46, 2026-05-27 14:37:46
<==      Total: 1
Closing non transactional SqlSession [org.apache.ibatis.session.defaults.DefaultSqlSession@515ec047]
Creating a new SqlSession
SqlSession [org.apache.ibatis.session.defaults.DefaultSqlSession@5ba6ab37] was not registered for synchronization because synchronization is not active
JDBC Connection [com.alibaba.druid.pool.DruidStatementConnection@3515cda0] will not be managed by Spring
==>  Preparing: SELECT DISTINCT m.perm_code FROM sys_menu m INNER JOIN sys_role_menu rm ON m.id = rm.menu_id INNER JOIN sys_user_role ur ON rm.role_id = ur.role_id WHERE ur.user_id = ? AND m.perm_code IS NOT NULL AND m.perm_code != ''
==> Parameters: 1(Long)
<==    Columns: perm_code
<==        Row: system:user:list
<==        Row: system:user:add
<==        Row: system:user:edit
<==        Row: system:user:delete
<==        Row: system:role:list
<==        Row: system:role:add
<==        Row: system:role:edit
<==        Row: system:role:delete
<==        Row: system:menu:list
<==        Row: system:menu:add
<==        Row: system:menu:edit
<==        Row: system:menu:delete
<==        Row: job:job:list
<==        Row: job:job:add
<==        Row: job:job:edit
<==        Row: job:job:delete
<==        Row: job:job:publish
<==        Row: job:job:close
<==        Row: resume:resume:list
<==        Row: resume:resume:add
<==        Row: resume:resume:edit
<==        Row: resume:resume:delete
<==        Row: resume:resume:export
<==        Row: match:match:execute
<==        Row: match:config:view
<==        Row: match:config:edit
<==        Row: application:list
<==        Row: application:add
<==        Row: application:edit
<==        Row: interview:list
<==        Row: interview:add
<==        Row: interview:edit
<==        Row: stats:dashboard:view
<==        Row: stats:report:view
<==        Row: stats:report:export
<==      Total: 35
Closing non transactional SqlSession [org.apache.ibatis.session.defaults.DefaultSqlSession@5ba6ab37]
Creating a new SqlSession
Registering transaction synchronization for SqlSession [org.apache.ibatis.session.defaults.DefaultSqlSession@395f894c]
JDBC Connection [com.alibaba.druid.pool.DruidStatementConnection@3515cda0] will be managed by Spring
==>  Preparing: SELECT a.*, p.title as position_title, r.name as resume_name FROM job_application a LEFT JOIN job_position p ON a.position_id = p.id LEFT JOIN resume_main r ON a.resume_id = r.id WHERE a.id=?
==> Parameters: 2(Long)
<==    Columns: id, position_id, resume_id, status, operate_time, operator_id, remark, created_time, position_title, resume_name
<==        Row: 2, 1, 2, RESUME_PASSED, 2026-05-27 16:36:50, 1, 回归简历通过, 2026-05-27 16:36:50, 自动化测试职位-0527, 自动化回归候选人0527B
<==      Total: 1
Releasing transactional SqlSession [org.apache.ibatis.session.defaults.DefaultSqlSession@395f894c]
Fetched SqlSession [org.apache.ibatis.session.defaults.DefaultSqlSession@395f894c] from current transaction
==>  Preparing: UPDATE job_application SET status=?,operate_time=NOW(),operator_id=?,remark=? WHERE id=?
==> Parameters: INTERVIEW_WAITING(String), 1(Long), 回归待面试(String), 2(Long)
<==    Updates: 1
Releasing transactional SqlSession [org.apache.ibatis.session.defaults.DefaultSqlSession@395f894c]
Fetched SqlSession [org.apache.ibatis.session.defaults.DefaultSqlSession@395f894c] from current transaction
==>  Preparing: INSERT INTO application_log(application_id,from_status,to_status,operator_id,operator_name,remark,created_time) VALUES(?,?,?,?,?,?,NOW())
==> Parameters: 2(Long), RESUME_PASSED(String), INTERVIEW_WAITING(String), 1(Long), System Admin(String), 回归待面试(String)
<==    Updates: 1
Releasing transactional SqlSession [org.apache.ibatis.session.defaults.DefaultSqlSession@395f894c]
Transaction synchronization committing SqlSession [org.apache.ibatis.session.defaults.DefaultSqlSession@395f894c]
Transaction synchronization deregistering SqlSession [org.apache.ibatis.session.defaults.DefaultSqlSession@395f894c]
Transaction synchronization closing SqlSession [org.apache.ibatis.session.defaults.DefaultSqlSession@395f894c]
Creating a new SqlSession
SqlSession [org.apache.ibatis.session.defaults.DefaultSqlSession@99fdb1c] was not registered for synchronization because synchronization is not active
JDBC Connection [com.alibaba.druid.pool.DruidStatementConnection@3515cda0] will not be managed by Spring
==>  Preparing: SELECT * FROM sys_user WHERE username = ? AND deleted = 0
==> Parameters: admin(String)
<==    Columns: id, username, real_name, phone, password, status, error_count, locked_until, deleted, created_time, updated_time
<==        Row: 1, admin, System Admin, 13800000000, $2a$10$CHHVPySZmO5DsDtGjAXwXugfDw4hPiI4HiOGoc8MSuyJqVM1e000q, 1, 0, null, 0, 2026-05-27 14:37:46, 2026-05-27 14:37:46
<==      Total: 1
Closing non transactional SqlSession [org.apache.ibatis.session.defaults.DefaultSqlSession@99fdb1c]
Creating a new SqlSession
SqlSession [org.apache.ibatis.session.defaults.DefaultSqlSession@367b06c] was not registered for synchronization because synchronization is not active
JDBC Connection [com.alibaba.druid.pool.DruidStatementConnection@3515cda0] will not be managed by Spring
==>  Preparing: SELECT DISTINCT m.perm_code FROM sys_menu m INNER JOIN sys_role_menu rm ON m.id = rm.menu_id INNER JOIN sys_user_role ur ON rm.role_id = ur.role_id WHERE ur.user_id = ? AND m.perm_code IS NOT NULL AND m.perm_code != ''
==> Parameters: 1(Long)
<==    Columns: perm_code
<==        Row: system:user:list
<==        Row: system:user:add
<==        Row: system:user:edit
<==        Row: system:user:delete
<==        Row: system:role:list
<==        Row: system:role:add
<==        Row: system:role:edit
<==        Row: system:role:delete
<==        Row: system:menu:list
<==        Row: system:menu:add
<==        Row: system:menu:edit
<==        Row: system:menu:delete
<==        Row: job:job:list
<==        Row: job:job:add
<==        Row: job:job:edit
<==        Row: job:job:delete
<==        Row: job:job:publish
<==        Row: job:job:close
<==        Row: resume:resume:list
<==        Row: resume:resume:add
<==        Row: resume:resume:edit
<==        Row: resume:resume:delete
<==        Row: resume:resume:export
<==        Row: match:match:execute
<==        Row: match:config:view
<==        Row: match:config:edit
<==        Row: application:list
<==        Row: application:add
<==        Row: application:edit
<==        Row: interview:list
<==        Row: interview:add
<==        Row: interview:edit
<==        Row: stats:dashboard:view
<==        Row: stats:report:view
<==        Row: stats:report:export
<==      Total: 35
Closing non transactional SqlSession [org.apache.ibatis.session.defaults.DefaultSqlSession@367b06c]
Creating a new SqlSession
Registering transaction synchronization for SqlSession [org.apache.ibatis.session.defaults.DefaultSqlSession@44a344ac]
JDBC Connection [com.alibaba.druid.pool.DruidStatementConnection@3515cda0] will be managed by Spring
==>  Preparing: SELECT a.*, p.title as position_title, r.name as resume_name FROM job_application a LEFT JOIN job_position p ON a.position_id = p.id LEFT JOIN resume_main r ON a.resume_id = r.id WHERE a.id=?
==> Parameters: 2(Long)
<==    Columns: id, position_id, resume_id, status, operate_time, operator_id, remark, created_time, position_title, resume_name
<==        Row: 2, 1, 2, INTERVIEW_WAITING, 2026-05-27 16:36:50, 1, 回归待面试, 2026-05-27 16:36:50, 自动化测试职位-0527, 自动化回归候选人0527B
<==      Total: 1
Releasing transactional SqlSession [org.apache.ibatis.session.defaults.DefaultSqlSession@44a344ac]
Fetched SqlSession [org.apache.ibatis.session.defaults.DefaultSqlSession@44a344ac] from current transaction
==>  Preparing: INSERT INTO interview_record(application_id,interview_time,interviewer,location,created_time) VALUES(?,?,?,?,NOW())
==> Parameters: 2(Long), 2026-05-27T20:00(LocalDateTime), 面试官B(String), 线上会议室-回归(String)
<==    Updates: 1
Releasing transactional SqlSession [org.apache.ibatis.session.defaults.DefaultSqlSession@44a344ac]
Fetched SqlSession [org.apache.ibatis.session.defaults.DefaultSqlSession@44a344ac] from current transaction
==>  Preparing: SELECT a.*, p.title as position_title, r.name as resume_name FROM job_application a LEFT JOIN job_position p ON a.position_id = p.id LEFT JOIN resume_main r ON a.resume_id = r.id WHERE a.id=?
==> Parameters: 2(Long)
<==    Columns: id, position_id, resume_id, status, operate_time, operator_id, remark, created_time, position_title, resume_name
<==        Row: 2, 1, 2, INTERVIEW_WAITING, 2026-05-27 16:36:50, 1, 回归待面试, 2026-05-27 16:36:50, 自动化测试职位-0527, 自动化回归候选人0527B
<==      Total: 1
Releasing transactional SqlSession [org.apache.ibatis.session.defaults.DefaultSqlSession@44a344ac]
Fetched SqlSession [org.apache.ibatis.session.defaults.DefaultSqlSession@44a344ac] from current transaction
==>  Preparing: UPDATE job_application SET status=?,operate_time=NOW(),operator_id=?,remark=? WHERE id=?
==> Parameters: INTERVIEWING(String), 1(Long), 创建面试后进入面试中(String), 2(Long)
<==    Updates: 1
Releasing transactional SqlSession [org.apache.ibatis.session.defaults.DefaultSqlSession@44a344ac]
Fetched SqlSession [org.apache.ibatis.session.defaults.DefaultSqlSession@44a344ac] from current transaction
==>  Preparing: INSERT INTO application_log(application_id,from_status,to_status,operator_id,operator_name,remark,created_time) VALUES(?,?,?,?,?,?,NOW())
==> Parameters: 2(Long), INTERVIEW_WAITING(String), INTERVIEWING(String), 1(Long), System Admin(String), 创建面试后进入面试中(String)
<==    Updates: 1
Releasing transactional SqlSession [org.apache.ibatis.session.defaults.DefaultSqlSession@44a344ac]
Fetched SqlSession [org.apache.ibatis.session.defaults.DefaultSqlSession@44a344ac] from current transaction
==>  Preparing: SELECT * FROM interview_record WHERE id=?
==> Parameters: 2(Long)
<==    Columns: id, application_id, interview_time, interviewer, location, score, comment, result, created_time
<==        Row: 2, 2, 2026-05-27 20:00:00, 面试官B, 线上会议室-回归, null, <<BLOB>>, null, 2026-05-27 16:36:50
<==      Total: 1
Releasing transactional SqlSession [org.apache.ibatis.session.defaults.DefaultSqlSession@44a344ac]
Transaction synchronization committing SqlSession [org.apache.ibatis.session.defaults.DefaultSqlSession@44a344ac]
Transaction synchronization deregistering SqlSession [org.apache.ibatis.session.defaults.DefaultSqlSession@44a344ac]
Transaction synchronization closing SqlSession [org.apache.ibatis.session.defaults.DefaultSqlSession@44a344ac]
Creating a new SqlSession
SqlSession [org.apache.ibatis.session.defaults.DefaultSqlSession@7c7aa652] was not registered for synchronization because synchronization is not active
JDBC Connection [com.alibaba.druid.pool.DruidStatementConnection@3515cda0] will not be managed by Spring
==>  Preparing: SELECT * FROM sys_user WHERE username = ? AND deleted = 0
==> Parameters: admin(String)
<==    Columns: id, username, real_name, phone, password, status, error_count, locked_until, deleted, created_time, updated_time
<==        Row: 1, admin, System Admin, 13800000000, $2a$10$CHHVPySZmO5DsDtGjAXwXugfDw4hPiI4HiOGoc8MSuyJqVM1e000q, 1, 0, null, 0, 2026-05-27 14:37:46, 2026-05-27 14:37:46
<==      Total: 1
Closing non transactional SqlSession [org.apache.ibatis.session.defaults.DefaultSqlSession@7c7aa652]
Creating a new SqlSession
SqlSession [org.apache.ibatis.session.defaults.DefaultSqlSession@7682cd22] was not registered for synchronization because synchronization is not active
JDBC Connection [com.alibaba.druid.pool.DruidStatementConnection@3515cda0] will not be managed by Spring
==>  Preparing: SELECT DISTINCT m.perm_code FROM sys_menu m INNER JOIN sys_role_menu rm ON m.id = rm.menu_id INNER JOIN sys_user_role ur ON rm.role_id = ur.role_id WHERE ur.user_id = ? AND m.perm_code IS NOT NULL AND m.perm_code != ''
==> Parameters: 1(Long)
<==    Columns: perm_code
<==        Row: system:user:list
<==        Row: system:user:add
<==        Row: system:user:edit
<==        Row: system:user:delete
<==        Row: system:role:list
<==        Row: system:role:add
<==        Row: system:role:edit
<==        Row: system:role:delete
<==        Row: system:menu:list
<==        Row: system:menu:add
<==        Row: system:menu:edit
<==        Row: system:menu:delete
<==        Row: job:job:list
<==        Row: job:job:add
<==        Row: job:job:edit
<==        Row: job:job:delete
<==        Row: job:job:publish
<==        Row: job:job:close
<==        Row: resume:resume:list
<==        Row: resume:resume:add
<==        Row: resume:resume:edit
<==        Row: resume:resume:delete
<==        Row: resume:resume:export
<==        Row: match:match:execute
<==        Row: match:config:view
<==        Row: match:config:edit
<==        Row: application:list
<==        Row: application:add
<==        Row: application:edit
<==        Row: interview:list
<==        Row: interview:add
<==        Row: interview:edit
<==        Row: stats:dashboard:view
<==        Row: stats:report:view
<==        Row: stats:report:export
<==      Total: 35
Closing non transactional SqlSession [org.apache.ibatis.session.defaults.DefaultSqlSession@7682cd22]
Creating a new SqlSession
SqlSession [org.apache.ibatis.session.defaults.DefaultSqlSession@1ae13582] was not registered for synchronization because synchronization is not active
JDBC Connection [com.alibaba.druid.pool.DruidStatementConnection@3515cda0] will not be managed by Spring
==>  Preparing: SELECT a.*, p.title as position_title, r.name as resume_name FROM job_application a LEFT JOIN job_position p ON a.position_id = p.id LEFT JOIN resume_main r ON a.resume_id = r.id WHERE a.id=?
==> Parameters: 2(Long)
<==    Columns: id, position_id, resume_id, status, operate_time, operator_id, remark, created_time, position_title, resume_name
<==        Row: 2, 1, 2, INTERVIEWING, 2026-05-27 16:36:50, 1, 创建面试后进入面试中, 2026-05-27 16:36:50, 自动化测试职位-0527, 自动化回归候选人0527B
<==      Total: 1
Closing non transactional SqlSession [org.apache.ibatis.session.defaults.DefaultSqlSession@1ae13582]
Creating a new SqlSession
SqlSession [org.apache.ibatis.session.defaults.DefaultSqlSession@20ac0e67] was not registered for synchronization because synchronization is not active
JDBC Connection [com.alibaba.druid.pool.DruidStatementConnection@3515cda0] will not be managed by Spring
==>  Preparing: SELECT * FROM sys_user WHERE username = ? AND deleted = 0
==> Parameters: admin(String)
<==    Columns: id, username, real_name, phone, password, status, error_count, locked_until, deleted, created_time, updated_time
<==        Row: 1, admin, System Admin, 13800000000, $2a$10$CHHVPySZmO5DsDtGjAXwXugfDw4hPiI4HiOGoc8MSuyJqVM1e000q, 1, 0, null, 0, 2026-05-27 14:37:46, 2026-05-27 14:37:46
<==      Total: 1
Closing non transactional SqlSession [org.apache.ibatis.session.defaults.DefaultSqlSession@20ac0e67]
Creating a new SqlSession
SqlSession [org.apache.ibatis.session.defaults.DefaultSqlSession@324548d7] was not registered for synchronization because synchronization is not active
JDBC Connection [com.alibaba.druid.pool.DruidStatementConnection@3515cda0] will not be managed by Spring
==>  Preparing: SELECT DISTINCT m.perm_code FROM sys_menu m INNER JOIN sys_role_menu rm ON m.id = rm.menu_id INNER JOIN sys_user_role ur ON rm.role_id = ur.role_id WHERE ur.user_id = ? AND m.perm_code IS NOT NULL AND m.perm_code != ''
==> Parameters: 1(Long)
<==    Columns: perm_code
<==        Row: system:user:list
<==        Row: system:user:add
<==        Row: system:user:edit
<==        Row: system:user:delete
<==        Row: system:role:list
<==        Row: system:role:add
<==        Row: system:role:edit
<==        Row: system:role:delete
<==        Row: system:menu:list
<==        Row: system:menu:add
<==        Row: system:menu:edit
<==        Row: system:menu:delete
<==        Row: job:job:list
<==        Row: job:job:add
<==        Row: job:job:edit
<==        Row: job:job:delete
<==        Row: job:job:publish
<==        Row: job:job:close
<==        Row: resume:resume:list
<==        Row: resume:resume:add
<==        Row: resume:resume:edit
<==        Row: resume:resume:delete
<==        Row: resume:resume:export
<==        Row: match:match:execute
<==        Row: match:config:view
<==        Row: match:config:edit
<==        Row: application:list
<==        Row: application:add
<==        Row: application:edit
<==        Row: interview:list
<==        Row: interview:add
<==        Row: interview:edit
<==        Row: stats:dashboard:view
<==        Row: stats:report:view
<==        Row: stats:report:export
<==      Total: 35
Closing non transactional SqlSession [org.apache.ibatis.session.defaults.DefaultSqlSession@324548d7]
Creating a new SqlSession
SqlSession [org.apache.ibatis.session.defaults.DefaultSqlSession@371d614b] was not registered for synchronization because synchronization is not active
JDBC Connection [com.alibaba.druid.pool.DruidStatementConnection@3515cda0] will not be managed by Spring
==>  Preparing: SELECT * FROM application_log WHERE application_id=? ORDER BY created_time DESC
==> Parameters: 2(Long)
<==    Columns: id, application_id, from_status, to_status, operator_id, operator_name, remark, created_time
<==        Row: 5, 2, PENDING, RESUME_PASSED, 1, System Admin, 回归简历通过, 2026-05-27 16:36:50
<==        Row: 6, 2, RESUME_PASSED, INTERVIEW_WAITING, 1, System Admin, 回归待面试, 2026-05-27 16:36:50
<==        Row: 7, 2, INTERVIEW_WAITING, INTERVIEWING, 1, System Admin, 创建面试后进入面试中, 2026-05-27 16:36:50
<==      Total: 3
Closing non transactional SqlSession [org.apache.ibatis.session.defaults.DefaultSqlSession@371d614b]
Creating a new SqlSession
SqlSession [org.apache.ibatis.session.defaults.DefaultSqlSession@35bf461d] was not registered for synchronization because synchronization is not active
JDBC Connection [com.alibaba.druid.pool.DruidStatementConnection@3515cda0] will not be managed by Spring
==>  Preparing: SELECT * FROM sys_user WHERE username = ? AND deleted = 0
==> Parameters: admin(String)
<==    Columns: id, username, real_name, phone, password, status, error_count, locked_until, deleted, created_time, updated_time
<==        Row: 1, admin, System Admin, 13800000000, $2a$10$CHHVPySZmO5DsDtGjAXwXugfDw4hPiI4HiOGoc8MSuyJqVM1e000q, 1, 0, null, 0, 2026-05-27 14:37:46, 2026-05-27 14:37:46
<==      Total: 1
Closing non transactional SqlSession [org.apache.ibatis.session.defaults.DefaultSqlSession@35bf461d]
Creating a new SqlSession
SqlSession [org.apache.ibatis.session.defaults.DefaultSqlSession@3c71fc48] was not registered for synchronization because synchronization is not active
JDBC Connection [com.alibaba.druid.pool.DruidStatementConnection@3515cda0] will not be managed by Spring
==>  Preparing: SELECT DISTINCT m.perm_code FROM sys_menu m INNER JOIN sys_role_menu rm ON m.id = rm.menu_id INNER JOIN sys_user_role ur ON rm.role_id = ur.role_id WHERE ur.user_id = ? AND m.perm_code IS NOT NULL AND m.perm_code != ''
==> Parameters: 1(Long)
<==    Columns: perm_code
<==        Row: system:user:list
<==        Row: system:user:add
<==        Row: system:user:edit
<==        Row: system:user:delete
<==        Row: system:role:list
<==        Row: system:role:add
<==        Row: system:role:edit
<==        Row: system:role:delete
<==        Row: system:menu:list
<==        Row: system:menu:add
<==        Row: system:menu:edit
<==        Row: system:menu:delete
<==        Row: job:job:list
<==        Row: job:job:add
<==        Row: job:job:edit
<==        Row: job:job:delete
<==        Row: job:job:publish
<==        Row: job:job:close
<==        Row: resume:resume:list
<==        Row: resume:resume:add
<==        Row: resume:resume:edit
<==        Row: resume:resume:delete
<==        Row: resume:resume:export
<==        Row: match:match:execute
<==        Row: match:config:view
<==        Row: match:config:edit
<==        Row: application:list
<==        Row: application:add
<==        Row: application:edit
<==        Row: interview:list
<==        Row: interview:add
<==        Row: interview:edit
<==        Row: stats:dashboard:view
<==        Row: stats:report:view
<==        Row: stats:report:export
<==      Total: 35
Closing non transactional SqlSession [org.apache.ibatis.session.defaults.DefaultSqlSession@3c71fc48]
Creating a new SqlSession
SqlSession [org.apache.ibatis.session.defaults.DefaultSqlSession@15e6c828] was not registered for synchronization because synchronization is not active
JDBC Connection [com.alibaba.druid.pool.DruidStatementConnection@3515cda0] will not be managed by Spring
==>  Preparing: SELECT * FROM sys_user WHERE username = ? AND deleted = 0
==> Parameters: admin(String)
<==    Columns: id, username, real_name, phone, password, status, error_count, locked_until, deleted, created_time, updated_time
<==        Row: 1, admin, System Admin, 13800000000, $2a$10$CHHVPySZmO5DsDtGjAXwXugfDw4hPiI4HiOGoc8MSuyJqVM1e000q, 1, 0, null, 0, 2026-05-27 14:37:46, 2026-05-27 14:37:46
<==      Total: 1
Closing non transactional SqlSession [org.apache.ibatis.session.defaults.DefaultSqlSession@15e6c828]
Creating a new SqlSession
SqlSession [org.apache.ibatis.session.defaults.DefaultSqlSession@1637689c] was not registered for synchronization because synchronization is not active
JDBC Connection [com.alibaba.druid.pool.DruidStatementConnection@3515cda0] will not be managed by Spring
==>  Preparing: SELECT DISTINCT m.perm_code FROM sys_menu m INNER JOIN sys_role_menu rm ON m.id = rm.menu_id INNER JOIN sys_user_role ur ON rm.role_id = ur.role_id WHERE ur.user_id = ? AND m.perm_code IS NOT NULL AND m.perm_code != ''
==> Parameters: 1(Long)
<==    Columns: perm_code
<==        Row: system:user:list
<==        Row: system:user:add
<==        Row: system:user:edit
<==        Row: system:user:delete
<==        Row: system:role:list
<==        Row: system:role:add
<==        Row: system:role:edit
<==        Row: system:role:delete
<==        Row: system:menu:list
<==        Row: system:menu:add
<==        Row: system:menu:edit
<==        Row: system:menu:delete
<==        Row: job:job:list
<==        Row: job:job:add
<==        Row: job:job:edit
<==        Row: job:job:delete
<==        Row: job:job:publish
<==        Row: job:job:close
<==        Row: resume:resume:list
<==        Row: resume:resume:add
<==        Row: resume:resume:edit
<==        Row: resume:resume:delete
<==        Row: resume:resume:export
<==        Row: match:match:execute
<==        Row: match:config:view
<==        Row: match:config:edit
<==        Row: application:list
<==        Row: application:add
<==        Row: application:edit
<==        Row: interview:list
<==        Row: interview:add
<==        Row: interview:edit
<==        Row: stats:dashboard:view
<==        Row: stats:report:view
<==        Row: stats:report:export
<==      Total: 35
Closing non transactional SqlSession [org.apache.ibatis.session.defaults.DefaultSqlSession@1637689c]
Creating a new SqlSession
Registering transaction synchronization for SqlSession [org.apache.ibatis.session.defaults.DefaultSqlSession@4b88b6be]
JDBC Connection [com.alibaba.druid.pool.DruidStatementConnection@3515cda0] will be managed by Spring
==>  Preparing: SELECT * FROM interview_record WHERE id=?
==> Parameters: 2(Long)
<==    Columns: id, application_id, interview_time, interviewer, location, score, comment, result, created_time
<==        Row: 2, 2, 2026-05-27 20:00:00, 面试官B, 线上会议室-回归, null, <<BLOB>>, null, 2026-05-27 16:36:50
<==      Total: 1
Releasing transactional SqlSession [org.apache.ibatis.session.defaults.DefaultSqlSession@4b88b6be]
Fetched SqlSession [org.apache.ibatis.session.defaults.DefaultSqlSession@4b88b6be] from current transaction
==>  Preparing: UPDATE interview_record SET interview_time=?,interviewer=?, location=? ,score=? ,comment=? ,result=? WHERE id=?
==> Parameters: 2026-05-27T20:00(LocalDateTime), 面试官B(String), 线上会议室-回归(String), 5(Integer), 回归面试通过(String), PASS(String), 2(Long)
<==    Updates: 1
Releasing transactional SqlSession [org.apache.ibatis.session.defaults.DefaultSqlSession@4b88b6be]
Fetched SqlSession [org.apache.ibatis.session.defaults.DefaultSqlSession@4b88b6be] from current transaction
==>  Preparing: SELECT a.*, p.title as position_title, r.name as resume_name FROM job_application a LEFT JOIN job_position p ON a.position_id = p.id LEFT JOIN resume_main r ON a.resume_id = r.id WHERE a.id=?
==> Parameters: 2(Long)
<==    Columns: id, position_id, resume_id, status, operate_time, operator_id, remark, created_time, position_title, resume_name
<==        Row: 2, 1, 2, INTERVIEWING, 2026-05-27 16:36:50, 1, 创建面试后进入面试中, 2026-05-27 16:36:50, 自动化测试职位-0527, 自动化回归候选人0527B
<==      Total: 1
Releasing transactional SqlSession [org.apache.ibatis.session.defaults.DefaultSqlSession@4b88b6be]
Fetched SqlSession [org.apache.ibatis.session.defaults.DefaultSqlSession@4b88b6be] from current transaction
==>  Preparing: UPDATE job_application SET status=?,operate_time=NOW(),operator_id=?,remark=? WHERE id=?
==> Parameters: INTERVIEW_PASSED(String), 1(Long), 面试结果：PASS(String), 2(Long)
<==    Updates: 1
Releasing transactional SqlSession [org.apache.ibatis.session.defaults.DefaultSqlSession@4b88b6be]
Fetched SqlSession [org.apache.ibatis.session.defaults.DefaultSqlSession@4b88b6be] from current transaction
==>  Preparing: INSERT INTO application_log(application_id,from_status,to_status,operator_id,operator_name,remark,created_time) VALUES(?,?,?,?,?,?,NOW())
==> Parameters: 2(Long), INTERVIEWING(String), INTERVIEW_PASSED(String), 1(Long), System Admin(String), 面试结果：PASS(String)
<==    Updates: 1
Releasing transactional SqlSession [org.apache.ibatis.session.defaults.DefaultSqlSession@4b88b6be]
Transaction synchronization committing SqlSession [org.apache.ibatis.session.defaults.DefaultSqlSession@4b88b6be]
Transaction synchronization deregistering SqlSession [org.apache.ibatis.session.defaults.DefaultSqlSession@4b88b6be]
Transaction synchronization closing SqlSession [org.apache.ibatis.session.defaults.DefaultSqlSession@4b88b6be]
Creating a new SqlSession
SqlSession [org.apache.ibatis.session.defaults.DefaultSqlSession@5a65c1f7] was not registered for synchronization because synchronization is not active
JDBC Connection [com.alibaba.druid.pool.DruidStatementConnection@3515cda0] will not be managed by Spring
==>  Preparing: SELECT * FROM sys_user WHERE username = ? AND deleted = 0
==> Parameters: admin(String)
<==    Columns: id, username, real_name, phone, password, status, error_count, locked_until, deleted, created_time, updated_time
<==        Row: 1, admin, System Admin, 13800000000, $2a$10$CHHVPySZmO5DsDtGjAXwXugfDw4hPiI4HiOGoc8MSuyJqVM1e000q, 1, 0, null, 0, 2026-05-27 14:37:46, 2026-05-27 14:37:46
<==      Total: 1
Closing non transactional SqlSession [org.apache.ibatis.session.defaults.DefaultSqlSession@5a65c1f7]
Creating a new SqlSession
SqlSession [org.apache.ibatis.session.defaults.DefaultSqlSession@186cddc4] was not registered for synchronization because synchronization is not active
JDBC Connection [com.alibaba.druid.pool.DruidStatementConnection@3515cda0] will not be managed by Spring
==>  Preparing: SELECT DISTINCT m.perm_code FROM sys_menu m INNER JOIN sys_role_menu rm ON m.id = rm.menu_id INNER JOIN sys_user_role ur ON rm.role_id = ur.role_id WHERE ur.user_id = ? AND m.perm_code IS NOT NULL AND m.perm_code != ''
==> Parameters: 1(Long)
<==    Columns: perm_code
<==        Row: system:user:list
<==        Row: system:user:add
<==        Row: system:user:edit
<==        Row: system:user:delete
<==        Row: system:role:list
<==        Row: system:role:add
<==        Row: system:role:edit
<==        Row: system:role:delete
<==        Row: system:menu:list
<==        Row: system:menu:add
<==        Row: system:menu:edit
<==        Row: system:menu:delete
<==        Row: job:job:list
<==        Row: job:job:add
<==        Row: job:job:edit
<==        Row: job:job:delete
<==        Row: job:job:publish
<==        Row: job:job:close
<==        Row: resume:resume:list
<==        Row: resume:resume:add
<==        Row: resume:resume:edit
<==        Row: resume:resume:delete
<==        Row: resume:resume:export
<==        Row: match:match:execute
<==        Row: match:config:view
<==        Row: match:config:edit
<==        Row: application:list
<==        Row: application:add
<==        Row: application:edit
<==        Row: interview:list
<==        Row: interview:add
<==        Row: interview:edit
<==        Row: stats:dashboard:view
<==        Row: stats:report:view
<==        Row: stats:report:export
<==      Total: 35
Closing non transactional SqlSession [org.apache.ibatis.session.defaults.DefaultSqlSession@186cddc4]
Creating a new SqlSession
SqlSession [org.apache.ibatis.session.defaults.DefaultSqlSession@2933997a] was not registered for synchronization because synchronization is not active
JDBC Connection [com.alibaba.druid.pool.DruidStatementConnection@3515cda0] will not be managed by Spring
==>  Preparing: SELECT a.*, p.title as position_title, r.name as resume_name FROM job_application a LEFT JOIN job_position p ON a.position_id = p.id LEFT JOIN resume_main r ON a.resume_id = r.id WHERE a.id=?
==> Parameters: 2(Long)
<==    Columns: id, position_id, resume_id, status, operate_time, operator_id, remark, created_time, position_title, resume_name
<==        Row: 2, 1, 2, INTERVIEW_PASSED, 2026-05-27 16:37:31, 1, 面试结果：PASS, 2026-05-27 16:36:50, 自动化测试职位-0527, 自动化回归候选人0527B
<==      Total: 1
Closing non transactional SqlSession [org.apache.ibatis.session.defaults.DefaultSqlSession@2933997a]
Creating a new SqlSession
SqlSession [org.apache.ibatis.session.defaults.DefaultSqlSession@dc2cbe8] was not registered for synchronization because synchronization is not active
JDBC Connection [com.alibaba.druid.pool.DruidStatementConnection@3515cda0] will not be managed by Spring
==>  Preparing: SELECT * FROM sys_user WHERE username = ? AND deleted = 0
==> Parameters: admin(String)
<==    Columns: id, username, real_name, phone, password, status, error_count, locked_until, deleted, created_time, updated_time
<==        Row: 1, admin, System Admin, 13800000000, $2a$10$CHHVPySZmO5DsDtGjAXwXugfDw4hPiI4HiOGoc8MSuyJqVM1e000q, 1, 0, null, 0, 2026-05-27 14:37:46, 2026-05-27 14:37:46
<==      Total: 1
Closing non transactional SqlSession [org.apache.ibatis.session.defaults.DefaultSqlSession@dc2cbe8]
Creating a new SqlSession
SqlSession [org.apache.ibatis.session.defaults.DefaultSqlSession@5b2e5d69] was not registered for synchronization because synchronization is not active
JDBC Connection [com.alibaba.druid.pool.DruidStatementConnection@3515cda0] will not be managed by Spring
==>  Preparing: SELECT DISTINCT m.perm_code FROM sys_menu m INNER JOIN sys_role_menu rm ON m.id = rm.menu_id INNER JOIN sys_user_role ur ON rm.role_id = ur.role_id WHERE ur.user_id = ? AND m.perm_code IS NOT NULL AND m.perm_code != ''
==> Parameters: 1(Long)
<==    Columns: perm_code
<==        Row: system:user:list
<==        Row: system:user:add
<==        Row: system:user:edit
<==        Row: system:user:delete
<==        Row: system:role:list
<==        Row: system:role:add
<==        Row: system:role:edit
<==        Row: system:role:delete
<==        Row: system:menu:list
<==        Row: system:menu:add
<==        Row: system:menu:edit
<==        Row: system:menu:delete
<==        Row: job:job:list
<==        Row: job:job:add
<==        Row: job:job:edit
<==        Row: job:job:delete
<==        Row: job:job:publish
<==        Row: job:job:close
<==        Row: resume:resume:list
<==        Row: resume:resume:add
<==        Row: resume:resume:edit
<==        Row: resume:resume:delete
<==        Row: resume:resume:export
<==        Row: match:match:execute
<==        Row: match:config:view
<==        Row: match:config:edit
<==        Row: application:list
<==        Row: application:add
<==        Row: application:edit
<==        Row: interview:list
<==        Row: interview:add
<==        Row: interview:edit
<==        Row: stats:dashboard:view
<==        Row: stats:report:view
<==        Row: stats:report:export
<==      Total: 35
Closing non transactional SqlSession [org.apache.ibatis.session.defaults.DefaultSqlSession@5b2e5d69]
Creating a new SqlSession
SqlSession [org.apache.ibatis.session.defaults.DefaultSqlSession@6272bffc] was not registered for synchronization because synchronization is not active
JDBC Connection [com.alibaba.druid.pool.DruidStatementConnection@3515cda0] will not be managed by Spring
==>  Preparing: SELECT * FROM sys_user WHERE username = ? AND deleted = 0
==> Parameters: admin(String)
Creating a new SqlSession
SqlSession [org.apache.ibatis.session.defaults.DefaultSqlSession@69c90797] was not registered for synchronization because synchronization is not active
JDBC Connection [com.alibaba.druid.pool.DruidStatementConnection@63316ce7] will not be managed by Spring
<==    Columns: id, username, real_name, phone, password, status, error_count, locked_until, deleted, created_time, updated_time
<==        Row: 1, admin, System Admin, 13800000000, $2a$10$CHHVPySZmO5DsDtGjAXwXugfDw4hPiI4HiOGoc8MSuyJqVM1e000q, 1, 0, null, 0, 2026-05-27 14:37:46, 2026-05-27 14:37:46
==>  Preparing: SELECT * FROM sys_user WHERE username = ? AND deleted = 0
==> Parameters: admin(String)
<==      Total: 1
Closing non transactional SqlSession [org.apache.ibatis.session.defaults.DefaultSqlSession@6272bffc]
Creating a new SqlSession
SqlSession [org.apache.ibatis.session.defaults.DefaultSqlSession@40f1c00b] was not registered for synchronization because synchronization is not active
JDBC Connection [com.alibaba.druid.pool.DruidStatementConnection@3515cda0] will not be managed by Spring
==>  Preparing: SELECT DISTINCT m.perm_code FROM sys_menu m INNER JOIN sys_role_menu rm ON m.id = rm.menu_id INNER JOIN sys_user_role ur ON rm.role_id = ur.role_id WHERE ur.user_id = ? AND m.perm_code IS NOT NULL AND m.perm_code != ''
==> Parameters: 1(Long)
<==    Columns: id, username, real_name, phone, password, status, error_count, locked_until, deleted, created_time, updated_time
<==    Columns: perm_code
<==        Row: 1, admin, System Admin, 13800000000, $2a$10$CHHVPySZmO5DsDtGjAXwXugfDw4hPiI4HiOGoc8MSuyJqVM1e000q, 1, 0, null, 0, 2026-05-27 14:37:46, 2026-05-27 14:37:46
<==        Row: system:user:list
<==        Row: system:user:add
<==        Row: system:user:edit
<==        Row: system:user:delete
<==        Row: system:role:list
<==        Row: system:role:add
<==        Row: system:role:edit
<==        Row: system:role:delete
<==        Row: system:menu:list
<==        Row: system:menu:add
<==        Row: system:menu:edit
<==      Total: 1
<==        Row: system:menu:delete
<==        Row: job:job:list
<==        Row: job:job:add
<==        Row: job:job:edit
<==        Row: job:job:delete
<==        Row: job:job:publish
<==        Row: job:job:close
<==        Row: resume:resume:list
<==        Row: resume:resume:add
<==        Row: resume:resume:edit
<==        Row: resume:resume:delete
<==        Row: resume:resume:export
<==        Row: match:match:execute
<==        Row: match:config:view
<==        Row: match:config:edit
<==        Row: application:list
<==        Row: application:add
Closing non transactional SqlSession [org.apache.ibatis.session.defaults.DefaultSqlSession@69c90797]
<==        Row: application:edit
<==        Row: interview:list
<==        Row: interview:add
Creating a new SqlSession
<==        Row: interview:edit
<==        Row: stats:dashboard:view
<==        Row: stats:report:view
<==        Row: stats:report:export
SqlSession [org.apache.ibatis.session.defaults.DefaultSqlSession@7e7a00b] was not registered for synchronization because synchronization is not active
<==      Total: 35
JDBC Connection [com.alibaba.druid.pool.DruidStatementConnection@63316ce7] will not be managed by Spring
Closing non transactional SqlSession [org.apache.ibatis.session.defaults.DefaultSqlSession@40f1c00b]
==>  Preparing: SELECT DISTINCT m.perm_code FROM sys_menu m INNER JOIN sys_role_menu rm ON m.id = rm.menu_id INNER JOIN sys_user_role ur ON rm.role_id = ur.role_id WHERE ur.user_id = ? AND m.perm_code IS NOT NULL AND m.perm_code != ''
==> Parameters: 1(Long)
<==    Columns: perm_code
<==        Row: system:user:list
<==        Row: system:user:add
<==        Row: system:user:edit
<==        Row: system:user:delete
<==        Row: system:role:list
<==        Row: system:role:add
<==        Row: system:role:edit
<==        Row: system:role:delete
<==        Row: system:menu:list
<==        Row: system:menu:add
<==        Row: system:menu:edit
<==        Row: system:menu:delete
<==        Row: job:job:list
<==        Row: job:job:add
<==        Row: job:job:edit
<==        Row: job:job:delete
<==        Row: job:job:publish
<==        Row: job:job:close
<==        Row: resume:resume:list
<==        Row: resume:resume:add
<==        Row: resume:resume:edit
<==        Row: resume:resume:delete
<==        Row: resume:resume:export
<==        Row: match:match:execute
<==        Row: match:config:view
<==        Row: match:config:edit
<==        Row: application:list
<==        Row: application:add
<==        Row: application:edit
<==        Row: interview:list
<==        Row: interview:add
<==        Row: interview:edit
<==        Row: stats:dashboard:view
<==        Row: stats:report:view
<==        Row: stats:report:export
<==      Total: 35
Creating a new SqlSession
Closing non transactional SqlSession [org.apache.ibatis.session.defaults.DefaultSqlSession@7e7a00b]
SqlSession [org.apache.ibatis.session.defaults.DefaultSqlSession@195e6ea0] was not registered for synchronization because synchronization is not active
JDBC Connection [com.alibaba.druid.pool.DruidStatementConnection@63316ce7] will not be managed by Spring
==>  Preparing: SELECT DISTINCT m.* FROM sys_menu m INNER JOIN sys_role_menu rm ON m.id = rm.menu_id INNER JOIN sys_user_role ur ON rm.role_id = ur.role_id WHERE ur.user_id = ? ORDER BY m.parent_id, m.sort
==> Parameters: 1(Long)
Creating a new SqlSession
SqlSession [org.apache.ibatis.session.defaults.DefaultSqlSession@7fe11c65] was not registered for synchronization because synchronization is not active
JDBC Connection [com.alibaba.druid.pool.DruidStatementConnection@3515cda0] will not be managed by Spring
==>  Preparing: SELECT * FROM sys_user WHERE id = ? AND deleted = 0
==> Parameters: 1(Long)
<==    Columns: id, parent_id, menu_type, menu_name, path, perm_code, icon, sort
<==        Row: 1, 0, 0, System, /system, null, setting, 1
<==    Columns: id, username, real_name, phone, password, status, error_count, locked_until, deleted, created_time, updated_time
<==        Row: 1, admin, System Admin, 13800000000, $2a$10$CHHVPySZmO5DsDtGjAXwXugfDw4hPiI4HiOGoc8MSuyJqVM1e000q, 1, 0, null, 0, 2026-05-27 14:37:46, 2026-05-27 14:37:46
<==      Total: 1
Closing non transactional SqlSession [org.apache.ibatis.session.defaults.DefaultSqlSession@7fe11c65]
<==        Row: 2, 0, 0, Jobs, /jobs, null, briefcase, 2
<==        Row: 3, 0, 0, Resumes, /resumes, null, file, 3
<==        Row: 4, 0, 0, Match, /match, null, search, 4
<==        Row: 5, 0, 0, Recruitment Flow, /flow, null, flow, 5
<==        Row: 6, 0, 0, Reports, /stats, null, bar-chart, 6
<==        Row: 11, 1, 1, Users, /system/users, null, user, 1
<==        Row: 12, 1, 1, Roles, /system/roles, null, team, 2
<==        Row: 13, 1, 1, Menus, /system/menus, null, menu, 3
<==        Row: 21, 2, 1, Job Management, /jobs/list, null, briefcase, 1
<==        Row: 31, 3, 1, Resume Management, /resumes/list, null, file, 1
<==        Row: 41, 4, 1, Match Management, /match/list, null, search, 1
<==        Row: 51, 5, 1, Applications, /applications, null, ordered-list, 1
<==        Row: 52, 5, 1, Interviews, /interviews, null, calendar, 2
<==        Row: 61, 6, 1, Dashboard, /stats/dashboard, null, dashboard, 1
<==        Row: 62, 6, 1, Source Report, /stats/source, null, pie-chart, 2
<==        Row: 1101, 11, 2, User List, null, system:user:list, null, 1
<==        Row: 1102, 11, 2, User Add, null, system:user:add, null, 2
<==        Row: 1103, 11, 2, User Edit, null, system:user:edit, null, 3
<==        Row: 1104, 11, 2, User Delete, null, system:user:delete, null, 4
<==        Row: 1201, 12, 2, Role List, null, system:role:list, null, 1
<==        Row: 1202, 12, 2, Role Add, null, system:role:add, null, 2
<==        Row: 1203, 12, 2, Role Edit, null, system:role:edit, null, 3
<==        Row: 1204, 12, 2, Role Delete, null, system:role:delete, null, 4
<==        Row: 1301, 13, 2, Menu List, null, system:menu:list, null, 1
<==        Row: 1302, 13, 2, Menu Add, null, system:menu:add, null, 2
<==        Row: 1303, 13, 2, Menu Edit, null, system:menu:edit, null, 3
<==        Row: 1304, 13, 2, Menu Delete, null, system:menu:delete, null, 4
<==        Row: 2101, 21, 2, Job List, null, job:job:list, null, 1
<==        Row: 2102, 21, 2, Job Add, null, job:job:add, null, 2
<==        Row: 2103, 21, 2, Job Edit, null, job:job:edit, null, 3
<==        Row: 2104, 21, 2, Job Delete, null, job:job:delete, null, 4
<==        Row: 2105, 21, 2, Job Publish, null, job:job:publish, null, 5
<==        Row: 2106, 21, 2, Job Close, null, job:job:close, null, 6
<==        Row: 3101, 31, 2, Resume List, null, resume:resume:list, null, 1
<==        Row: 3102, 31, 2, Resume Add, null, resume:resume:add, null, 2
<==        Row: 3103, 31, 2, Resume Edit, null, resume:resume:edit, null, 3
<==        Row: 3104, 31, 2, Resume Delete, null, resume:resume:delete, null, 4
<==        Row: 3105, 31, 2, Resume Export, null, resume:resume:export, null, 5
<==        Row: 4101, 41, 2, Match Execute, null, match:match:execute, null, 1
<==        Row: 4102, 41, 2, Match Config View, null, match:config:view, null, 2
<==        Row: 4103, 41, 2, Match Config Edit, null, match:config:edit, null, 3
<==        Row: 5101, 51, 2, Application List, null, application:list, null, 1
<==        Row: 5102, 51, 2, Application Add, null, application:add, null, 2
<==        Row: 5103, 51, 2, Application Edit, null, application:edit, null, 3
<==        Row: 5201, 52, 2, Interview List, null, interview:list, null, 1
<==        Row: 5202, 52, 2, Interview Add, null, interview:add, null, 2
<==        Row: 5203, 52, 2, Interview Edit, null, interview:edit, null, 3
<==        Row: 6101, 61, 2, Dashboard View, null, stats:dashboard:view, null, 1
<==        Row: 6201, 62, 2, Source Report View, null, stats:report:view, null, 1
<==        Row: 6202, 62, 2, Source Report Export, null, stats:report:export, null, 2
<==      Total: 51
Closing non transactional SqlSession [org.apache.ibatis.session.defaults.DefaultSqlSession@195e6ea0]
Creating a new SqlSession
SqlSession [org.apache.ibatis.session.defaults.DefaultSqlSession@1c056486] was not registered for synchronization because synchronization is not active
JDBC Connection [com.alibaba.druid.pool.DruidStatementConnection@63316ce7] will not be managed by Spring
==>  Preparing: SELECT * FROM sys_user WHERE username = ? AND deleted = 0
==> Parameters: admin(String)
<==    Columns: id, username, real_name, phone, password, status, error_count, locked_until, deleted, created_time, updated_time
<==        Row: 1, admin, System Admin, 13800000000, $2a$10$CHHVPySZmO5DsDtGjAXwXugfDw4hPiI4HiOGoc8MSuyJqVM1e000q, 1, 0, null, 0, 2026-05-27 14:37:46, 2026-05-27 14:37:46
<==      Total: 1
Closing non transactional SqlSession [org.apache.ibatis.session.defaults.DefaultSqlSession@1c056486]
Creating a new SqlSession
SqlSession [org.apache.ibatis.session.defaults.DefaultSqlSession@609e36f4] was not registered for synchronization because synchronization is not active
JDBC Connection [com.alibaba.druid.pool.DruidStatementConnection@63316ce7] will not be managed by Spring
==>  Preparing: SELECT DISTINCT m.perm_code FROM sys_menu m INNER JOIN sys_role_menu rm ON m.id = rm.menu_id INNER JOIN sys_user_role ur ON rm.role_id = ur.role_id WHERE ur.user_id = ? AND m.perm_code IS NOT NULL AND m.perm_code != ''
==> Parameters: 1(Long)
<==    Columns: perm_code
<==        Row: system:user:list
<==        Row: system:user:add
<==        Row: system:user:edit
<==        Row: system:user:delete
<==        Row: system:role:list
<==        Row: system:role:add
<==        Row: system:role:edit
<==        Row: system:role:delete
<==        Row: system:menu:list
<==        Row: system:menu:add
<==        Row: system:menu:edit
<==        Row: system:menu:delete
<==        Row: job:job:list
<==        Row: job:job:add
<==        Row: job:job:edit
<==        Row: job:job:delete
<==        Row: job:job:publish
<==        Row: job:job:close
<==        Row: resume:resume:list
<==        Row: resume:resume:add
<==        Row: resume:resume:edit
<==        Row: resume:resume:delete
<==        Row: resume:resume:export
<==        Row: match:match:execute
<==        Row: match:config:view
<==        Row: match:config:edit
<==        Row: application:list
<==        Row: application:add
<==        Row: application:edit
<==        Row: interview:list
<==        Row: interview:add
<==        Row: interview:edit
<==        Row: stats:dashboard:view
<==        Row: stats:report:view
<==        Row: stats:report:export
<==      Total: 35
Closing non transactional SqlSession [org.apache.ibatis.session.defaults.DefaultSqlSession@609e36f4]
Creating a new SqlSession
SqlSession [org.apache.ibatis.session.defaults.DefaultSqlSession@7db3817a] was not registered for synchronization because synchronization is not active
JDBC Connection [com.alibaba.druid.pool.DruidStatementConnection@63316ce7] will not be managed by Spring
==>  Preparing: SELECT * FROM sys_user WHERE username = ? AND deleted = 0
==> Parameters: admin(String)
<==    Columns: id, username, real_name, phone, password, status, error_count, locked_until, deleted, created_time, updated_time
<==        Row: 1, admin, System Admin, 13800000000, $2a$10$CHHVPySZmO5DsDtGjAXwXugfDw4hPiI4HiOGoc8MSuyJqVM1e000q, 1, 0, null, 0, 2026-05-27 14:37:46, 2026-05-27 14:37:46
<==      Total: 1
Closing non transactional SqlSession [org.apache.ibatis.session.defaults.DefaultSqlSession@7db3817a]
Creating a new SqlSession
SqlSession [org.apache.ibatis.session.defaults.DefaultSqlSession@465a1f8a] was not registered for synchronization because synchronization is not active
Creating a new SqlSession
SqlSession [org.apache.ibatis.session.defaults.DefaultSqlSession@4fa52370] was not registered for synchronization because synchronization is not active
JDBC Connection [com.alibaba.druid.pool.DruidStatementConnection@63316ce7] will not be managed by Spring
JDBC Connection [com.alibaba.druid.pool.DruidStatementConnection@3515cda0] will not be managed by Spring
==>  Preparing: SELECT * FROM sys_user WHERE username = ? AND deleted = 0
==>  Preparing: SELECT DISTINCT m.perm_code FROM sys_menu m INNER JOIN sys_role_menu rm ON m.id = rm.menu_id INNER JOIN sys_user_role ur ON rm.role_id = ur.role_id WHERE ur.user_id = ? AND m.perm_code IS NOT NULL AND m.perm_code != ''
==> Parameters: 1(Long)
==> Parameters: admin(String)
<==    Columns: id, username, real_name, phone, password, status, error_count, locked_until, deleted, created_time, updated_time
<==        Row: 1, admin, System Admin, 13800000000, $2a$10$CHHVPySZmO5DsDtGjAXwXugfDw4hPiI4HiOGoc8MSuyJqVM1e000q, 1, 0, null, 0, 2026-05-27 14:37:46, 2026-05-27 14:37:46
<==    Columns: perm_code
<==        Row: system:user:list
<==        Row: system:user:add
<==        Row: system:user:edit
<==        Row: system:user:delete
<==        Row: system:role:list
<==        Row: system:role:add
<==        Row: system:role:edit
<==        Row: system:role:delete
<==        Row: system:menu:list
<==        Row: system:menu:add
<==        Row: system:menu:edit
<==        Row: system:menu:delete
<==        Row: job:job:list
<==        Row: job:job:add
<==        Row: job:job:edit
<==        Row: job:job:delete
<==        Row: job:job:publish
<==        Row: job:job:close
<==        Row: resume:resume:list
<==        Row: resume:resume:add
<==        Row: resume:resume:edit
<==        Row: resume:resume:delete
<==        Row: resume:resume:export
<==        Row: match:match:execute
<==        Row: match:config:view
<==        Row: match:config:edit
<==        Row: application:list
<==        Row: application:add
<==        Row: application:edit
<==        Row: interview:list
<==      Total: 1
<==        Row: interview:add
<==        Row: interview:edit
<==        Row: stats:dashboard:view
<==        Row: stats:report:view
<==        Row: stats:report:export
<==      Total: 35
Closing non transactional SqlSession [org.apache.ibatis.session.defaults.DefaultSqlSession@465a1f8a]
Closing non transactional SqlSession [org.apache.ibatis.session.defaults.DefaultSqlSession@4fa52370]
Creating a new SqlSession
SqlSession [org.apache.ibatis.session.defaults.DefaultSqlSession@56c0418b] was not registered for synchronization because synchronization is not active
JDBC Connection [com.alibaba.druid.pool.DruidStatementConnection@63316ce7] will not be managed by Spring
==>  Preparing: SELECT DISTINCT m.perm_code FROM sys_menu m INNER JOIN sys_role_menu rm ON m.id = rm.menu_id INNER JOIN sys_user_role ur ON rm.role_id = ur.role_id WHERE ur.user_id = ? AND m.perm_code IS NOT NULL AND m.perm_code != ''
==> Parameters: 1(Long)
Creating a new SqlSession
SqlSession [org.apache.ibatis.session.defaults.DefaultSqlSession@4b92a1d3] was not registered for synchronization because synchronization is not active
JDBC Connection [com.alibaba.druid.pool.DruidStatementConnection@3515cda0] will not be managed by Spring
==>  Preparing: SELECT * FROM sys_role ORDER BY id
==> Parameters: 
<==    Columns: perm_code
<==    Columns: id, role_name, role_code, builtin, status, remark, created_time, updated_time
<==        Row: system:user:list
<==        Row: system:user:add
<==        Row: system:user:edit
<==        Row: system:user:delete
<==        Row: system:role:list
<==        Row: system:role:add
<==        Row: system:role:edit
<==        Row: system:role:delete
<==        Row: system:menu:list
<==        Row: system:menu:add
<==        Row: system:menu:edit
<==        Row: system:menu:delete
<==        Row: job:job:list
<==        Row: job:job:add
<==        Row: job:job:edit
<==        Row: job:job:delete
<==        Row: job:job:publish
<==        Row: job:job:close
<==        Row: resume:resume:list
<==        Row: resume:resume:add
<==        Row: resume:resume:edit
<==        Row: resume:resume:delete
<==        Row: resume:resume:export
<==        Row: match:match:execute
<==        Row: match:config:view
<==        Row: match:config:edit
<==        Row: application:list
<==        Row: application:add
<==        Row: application:edit
<==        Row: interview:list
<==        Row: interview:add
<==        Row: interview:edit
<==        Row: stats:dashboard:view
<==        Row: stats:report:view
<==        Row: stats:report:export
<==      Total: 35
Closing non transactional SqlSession [org.apache.ibatis.session.defaults.DefaultSqlSession@56c0418b]
<==        Row: 1, Super Admin, SUPER_ADMIN, 1, 1, Built-in super admin, 2026-05-27 14:37:46, 2026-05-27 14:37:46
<==        Row: 2, HR Admin, HR_ADMIN, 0, 1, HR admin, 2026-05-27 14:37:46, 2026-05-27 14:37:46
<==        Row: 3, HR Staff, HR_STAFF, 0, 1, HR staff, 2026-05-27 14:37:46, 2026-05-27 14:37:46
<==      Total: 3
Closing non transactional SqlSession [org.apache.ibatis.session.defaults.DefaultSqlSession@4b92a1d3]
Creating a new SqlSession
SqlSession [org.apache.ibatis.session.defaults.DefaultSqlSession@41651a] was not registered for synchronization because synchronization is not active
Cache Hit Ratio [SQL_CACHE]: 0.0
JDBC Connection [com.alibaba.druid.pool.DruidStatementConnection@3515cda0] will not be managed by Spring
==>  Preparing: SELECT count(0) FROM sys_user WHERE deleted = 0
==> Parameters: 
<==    Columns: count(0)
<==        Row: 1
<==      Total: 1
==>  Preparing: SELECT * FROM sys_user WHERE deleted = 0 ORDER BY created_time DESC LIMIT ?
==> Parameters: 10(Integer)
<==    Columns: id, username, real_name, phone, password, status, error_count, locked_until, deleted, created_time, updated_time
<==        Row: 1, admin, System Admin, 13800000000, $2a$10$CHHVPySZmO5DsDtGjAXwXugfDw4hPiI4HiOGoc8MSuyJqVM1e000q, 1, 0, null, 0, 2026-05-27 14:37:46, 2026-05-27 14:37:46
<==      Total: 1
Closing non transactional SqlSession [org.apache.ibatis.session.defaults.DefaultSqlSession@41651a]
Creating a new SqlSession
Creating a new SqlSession
SqlSession [org.apache.ibatis.session.defaults.DefaultSqlSession@7a0e9710] was not registered for synchronization because synchronization is not active
SqlSession [org.apache.ibatis.session.defaults.DefaultSqlSession@74fbcfd9] was not registered for synchronization because synchronization is not active
JDBC Connection [com.alibaba.druid.pool.DruidStatementConnection@63316ce7] will not be managed by Spring
JDBC Connection [com.alibaba.druid.pool.DruidStatementConnection@3515cda0] will not be managed by Spring
==>  Preparing: SELECT * FROM sys_user WHERE username = ? AND deleted = 0
==>  Preparing: SELECT * FROM sys_user WHERE username = ? AND deleted = 0
==> Parameters: admin(String)
==> Parameters: admin(String)
<==    Columns: id, username, real_name, phone, password, status, error_count, locked_until, deleted, created_time, updated_time
<==    Columns: id, username, real_name, phone, password, status, error_count, locked_until, deleted, created_time, updated_time
<==        Row: 1, admin, System Admin, 13800000000, $2a$10$CHHVPySZmO5DsDtGjAXwXugfDw4hPiI4HiOGoc8MSuyJqVM1e000q, 1, 0, null, 0, 2026-05-27 14:37:46, 2026-05-27 14:37:46
<==        Row: 1, admin, System Admin, 13800000000, $2a$10$CHHVPySZmO5DsDtGjAXwXugfDw4hPiI4HiOGoc8MSuyJqVM1e000q, 1, 0, null, 0, 2026-05-27 14:37:46, 2026-05-27 14:37:46
<==      Total: 1
<==      Total: 1
Closing non transactional SqlSession [org.apache.ibatis.session.defaults.DefaultSqlSession@74fbcfd9]
Closing non transactional SqlSession [org.apache.ibatis.session.defaults.DefaultSqlSession@7a0e9710]
Creating a new SqlSession
Creating a new SqlSession
SqlSession [org.apache.ibatis.session.defaults.DefaultSqlSession@32a11753] was not registered for synchronization because synchronization is not active
SqlSession [org.apache.ibatis.session.defaults.DefaultSqlSession@6e2aa30d] was not registered for synchronization because synchronization is not active
JDBC Connection [com.alibaba.druid.pool.DruidStatementConnection@3515cda0] will not be managed by Spring
JDBC Connection [com.alibaba.druid.pool.DruidStatementConnection@63316ce7] will not be managed by Spring
==>  Preparing: SELECT DISTINCT m.perm_code FROM sys_menu m INNER JOIN sys_role_menu rm ON m.id = rm.menu_id INNER JOIN sys_user_role ur ON rm.role_id = ur.role_id WHERE ur.user_id = ? AND m.perm_code IS NOT NULL AND m.perm_code != ''
==>  Preparing: SELECT DISTINCT m.perm_code FROM sys_menu m INNER JOIN sys_role_menu rm ON m.id = rm.menu_id INNER JOIN sys_user_role ur ON rm.role_id = ur.role_id WHERE ur.user_id = ? AND m.perm_code IS NOT NULL AND m.perm_code != ''
==> Parameters: 1(Long)
==> Parameters: 1(Long)
<==    Columns: perm_code
<==        Row: system:user:list
<==    Columns: perm_code
<==        Row: system:user:list
<==        Row: system:user:add
<==        Row: system:user:edit
<==        Row: system:user:delete
<==        Row: system:role:list
<==        Row: system:user:add
<==        Row: system:user:edit
<==        Row: system:user:delete
<==        Row: system:role:list
<==        Row: system:role:add
<==        Row: system:role:add
<==        Row: system:role:edit
<==        Row: system:role:delete
<==        Row: system:menu:list
<==        Row: system:menu:add
<==        Row: system:menu:edit
<==        Row: system:menu:delete
<==        Row: job:job:list
<==        Row: job:job:add
<==        Row: job:job:edit
<==        Row: job:job:delete
<==        Row: job:job:publish
<==        Row: system:role:edit
<==        Row: job:job:close
<==        Row: system:role:delete
<==        Row: system:menu:list
<==        Row: system:menu:add
<==        Row: resume:resume:list
<==        Row: system:menu:edit
<==        Row: resume:resume:add
<==        Row: system:menu:delete
<==        Row: resume:resume:edit
<==        Row: job:job:list
<==        Row: resume:resume:delete
<==        Row: job:job:add
<==        Row: resume:resume:export
<==        Row: job:job:edit
<==        Row: match:match:execute
<==        Row: job:job:delete
<==        Row: match:config:view
<==        Row: job:job:publish
<==        Row: match:config:edit
<==        Row: job:job:close
<==        Row: application:list
<==        Row: resume:resume:list
<==        Row: application:add
<==        Row: resume:resume:add
<==        Row: application:edit
<==        Row: resume:resume:edit
<==        Row: interview:list
<==        Row: resume:resume:delete
<==        Row: interview:add
<==        Row: interview:edit
<==        Row: resume:resume:export
<==        Row: stats:dashboard:view
<==        Row: match:match:execute
<==        Row: stats:report:view
<==        Row: stats:report:export
<==        Row: match:config:view
<==      Total: 35
<==        Row: match:config:edit
<==        Row: application:list
<==        Row: application:add
<==        Row: application:edit
<==        Row: interview:list
<==        Row: interview:add
<==        Row: interview:edit
<==        Row: stats:dashboard:view
<==        Row: stats:report:view
<==        Row: stats:report:export
<==      Total: 35
Closing non transactional SqlSession [org.apache.ibatis.session.defaults.DefaultSqlSession@32a11753]
Closing non transactional SqlSession [org.apache.ibatis.session.defaults.DefaultSqlSession@6e2aa30d]
Creating a new SqlSession
SqlSession [org.apache.ibatis.session.defaults.DefaultSqlSession@206c7fec] was not registered for synchronization because synchronization is not active
JDBC Connection [com.alibaba.druid.pool.DruidStatementConnection@63316ce7] will not be managed by Spring
==>  Preparing: SELECT * FROM sys_role ORDER BY id
Creating a new SqlSession
SqlSession [org.apache.ibatis.session.defaults.DefaultSqlSession@711ddf8d] was not registered for synchronization because synchronization is not active
JDBC Connection [com.alibaba.druid.pool.DruidStatementConnection@3515cda0] will not be managed by Spring
==> Parameters: 
==>  Preparing: SELECT * FROM sys_menu ORDER BY parent_id, sort
==> Parameters: 
<==    Columns: id, parent_id, menu_type, menu_name, path, perm_code, icon, sort
<==        Row: 1, 0, 0, System, /system, null, setting, 1
<==    Columns: id, role_name, role_code, builtin, status, remark, created_time, updated_time
<==        Row: 1, Super Admin, SUPER_ADMIN, 1, 1, Built-in super admin, 2026-05-27 14:37:46, 2026-05-27 14:37:46
<==        Row: 2, 0, 0, Jobs, /jobs, null, briefcase, 2
<==        Row: 3, 0, 0, Resumes, /resumes, null, file, 3
<==        Row: 4, 0, 0, Match, /match, null, search, 4
<==        Row: 5, 0, 0, Recruitment Flow, /flow, null, flow, 5
<==        Row: 6, 0, 0, Reports, /stats, null, bar-chart, 6
<==        Row: 2, HR Admin, HR_ADMIN, 0, 1, HR admin, 2026-05-27 14:37:46, 2026-05-27 14:37:46
<==        Row: 11, 1, 1, Users, /system/users, null, user, 1
<==        Row: 12, 1, 1, Roles, /system/roles, null, team, 2
<==        Row: 3, HR Staff, HR_STAFF, 0, 1, HR staff, 2026-05-27 14:37:46, 2026-05-27 14:37:46
<==        Row: 13, 1, 1, Menus, /system/menus, null, menu, 3
<==      Total: 3
<==        Row: 21, 2, 1, Job Management, /jobs/list, null, briefcase, 1
<==        Row: 31, 3, 1, Resume Management, /resumes/list, null, file, 1
<==        Row: 41, 4, 1, Match Management, /match/list, null, search, 1
Closing non transactional SqlSession [org.apache.ibatis.session.defaults.DefaultSqlSession@206c7fec]
<==        Row: 51, 5, 1, Applications, /applications, null, ordered-list, 1
<==        Row: 52, 5, 1, Interviews, /interviews, null, calendar, 2
<==        Row: 61, 6, 1, Dashboard, /stats/dashboard, null, dashboard, 1
<==        Row: 62, 6, 1, Source Report, /stats/source, null, pie-chart, 2
<==        Row: 1101, 11, 2, User List, null, system:user:list, null, 1
<==        Row: 1102, 11, 2, User Add, null, system:user:add, null, 2
<==        Row: 1103, 11, 2, User Edit, null, system:user:edit, null, 3
<==        Row: 1104, 11, 2, User Delete, null, system:user:delete, null, 4
<==        Row: 1201, 12, 2, Role List, null, system:role:list, null, 1
<==        Row: 1202, 12, 2, Role Add, null, system:role:add, null, 2
<==        Row: 1203, 12, 2, Role Edit, null, system:role:edit, null, 3
<==        Row: 1204, 12, 2, Role Delete, null, system:role:delete, null, 4
<==        Row: 1301, 13, 2, Menu List, null, system:menu:list, null, 1
<==        Row: 1302, 13, 2, Menu Add, null, system:menu:add, null, 2
<==        Row: 1303, 13, 2, Menu Edit, null, system:menu:edit, null, 3
<==        Row: 1304, 13, 2, Menu Delete, null, system:menu:delete, null, 4
<==        Row: 2101, 21, 2, Job List, null, job:job:list, null, 1
<==        Row: 2102, 21, 2, Job Add, null, job:job:add, null, 2
<==        Row: 2103, 21, 2, Job Edit, null, job:job:edit, null, 3
<==        Row: 2104, 21, 2, Job Delete, null, job:job:delete, null, 4
<==        Row: 2105, 21, 2, Job Publish, null, job:job:publish, null, 5
<==        Row: 2106, 21, 2, Job Close, null, job:job:close, null, 6
<==        Row: 3101, 31, 2, Resume List, null, resume:resume:list, null, 1
<==        Row: 3102, 31, 2, Resume Add, null, resume:resume:add, null, 2
<==        Row: 3103, 31, 2, Resume Edit, null, resume:resume:edit, null, 3
<==        Row: 3104, 31, 2, Resume Delete, null, resume:resume:delete, null, 4
<==        Row: 3105, 31, 2, Resume Export, null, resume:resume:export, null, 5
<==        Row: 4101, 41, 2, Match Execute, null, match:match:execute, null, 1
<==        Row: 4102, 41, 2, Match Config View, null, match:config:view, null, 2
<==        Row: 4103, 41, 2, Match Config Edit, null, match:config:edit, null, 3
<==        Row: 5101, 51, 2, Application List, null, application:list, null, 1
<==        Row: 5102, 51, 2, Application Add, null, application:add, null, 2
<==        Row: 5103, 51, 2, Application Edit, null, application:edit, null, 3
<==        Row: 5201, 52, 2, Interview List, null, interview:list, null, 1
<==        Row: 5202, 52, 2, Interview Add, null, interview:add, null, 2
<==        Row: 5203, 52, 2, Interview Edit, null, interview:edit, null, 3
<==        Row: 6101, 61, 2, Dashboard View, null, stats:dashboard:view, null, 1
<==        Row: 6201, 62, 2, Source Report View, null, stats:report:view, null, 1
<==        Row: 6202, 62, 2, Source Report Export, null, stats:report:export, null, 2
<==      Total: 51
Closing non transactional SqlSession [org.apache.ibatis.session.defaults.DefaultSqlSession@711ddf8d]
Creating a new SqlSession
SqlSession [org.apache.ibatis.session.defaults.DefaultSqlSession@384a8c3] was not registered for synchronization because synchronization is not active
JDBC Connection [com.alibaba.druid.pool.DruidStatementConnection@3515cda0] will not be managed by Spring
==>  Preparing: SELECT * FROM sys_user WHERE username = ? AND deleted = 0
==> Parameters: admin(String)
<==    Columns: id, username, real_name, phone, password, status, error_count, locked_until, deleted, created_time, updated_time
<==        Row: 1, admin, System Admin, 13800000000, $2a$10$CHHVPySZmO5DsDtGjAXwXugfDw4hPiI4HiOGoc8MSuyJqVM1e000q, 1, 0, null, 0, 2026-05-27 14:37:46, 2026-05-27 14:37:46
<==      Total: 1
Closing non transactional SqlSession [org.apache.ibatis.session.defaults.DefaultSqlSession@384a8c3]
Creating a new SqlSession
SqlSession [org.apache.ibatis.session.defaults.DefaultSqlSession@7df310a] was not registered for synchronization because synchronization is not active
JDBC Connection [com.alibaba.druid.pool.DruidStatementConnection@3515cda0] will not be managed by Spring
==>  Preparing: SELECT DISTINCT m.perm_code FROM sys_menu m INNER JOIN sys_role_menu rm ON m.id = rm.menu_id INNER JOIN sys_user_role ur ON rm.role_id = ur.role_id WHERE ur.user_id = ? AND m.perm_code IS NOT NULL AND m.perm_code != ''
==> Parameters: 1(Long)
<==    Columns: perm_code
<==        Row: system:user:list
<==        Row: system:user:add
<==        Row: system:user:edit
<==        Row: system:user:delete
<==        Row: system:role:list
<==        Row: system:role:add
<==        Row: system:role:edit
<==        Row: system:role:delete
<==        Row: system:menu:list
<==        Row: system:menu:add
<==        Row: system:menu:edit
<==        Row: system:menu:delete
<==        Row: job:job:list
<==        Row: job:job:add
<==        Row: job:job:edit
<==        Row: job:job:delete
<==        Row: job:job:publish
<==        Row: job:job:close
<==        Row: resume:resume:list
<==        Row: resume:resume:add
<==        Row: resume:resume:edit
<==        Row: resume:resume:delete
<==        Row: resume:resume:export
<==        Row: match:match:execute
<==        Row: match:config:view
<==        Row: match:config:edit
<==        Row: application:list
<==        Row: application:add
<==        Row: application:edit
<==        Row: interview:list
<==        Row: interview:add
<==        Row: interview:edit
<==        Row: stats:dashboard:view
<==        Row: stats:report:view
<==        Row: stats:report:export
<==      Total: 35
Closing non transactional SqlSession [org.apache.ibatis.session.defaults.DefaultSqlSession@7df310a]
Creating a new SqlSession
SqlSession [org.apache.ibatis.session.defaults.DefaultSqlSession@1a3a9ebc] was not registered for synchronization because synchronization is not active
JDBC Connection [com.alibaba.druid.pool.DruidStatementConnection@3515cda0] will not be managed by Spring
==>  Preparing: SELECT * FROM sys_menu ORDER BY parent_id, sort
==> Parameters: 
<==    Columns: id, parent_id, menu_type, menu_name, path, perm_code, icon, sort
<==        Row: 1, 0, 0, System, /system, null, setting, 1
<==        Row: 2, 0, 0, Jobs, /jobs, null, briefcase, 2
<==        Row: 3, 0, 0, Resumes, /resumes, null, file, 3
<==        Row: 4, 0, 0, Match, /match, null, search, 4
<==        Row: 5, 0, 0, Recruitment Flow, /flow, null, flow, 5
<==        Row: 6, 0, 0, Reports, /stats, null, bar-chart, 6
<==        Row: 11, 1, 1, Users, /system/users, null, user, 1
<==        Row: 12, 1, 1, Roles, /system/roles, null, team, 2
<==        Row: 13, 1, 1, Menus, /system/menus, null, menu, 3
<==        Row: 21, 2, 1, Job Management, /jobs/list, null, briefcase, 1
<==        Row: 31, 3, 1, Resume Management, /resumes/list, null, file, 1
<==        Row: 41, 4, 1, Match Management, /match/list, null, search, 1
<==        Row: 51, 5, 1, Applications, /applications, null, ordered-list, 1
<==        Row: 52, 5, 1, Interviews, /interviews, null, calendar, 2
<==        Row: 61, 6, 1, Dashboard, /stats/dashboard, null, dashboard, 1
<==        Row: 62, 6, 1, Source Report, /stats/source, null, pie-chart, 2
<==        Row: 1101, 11, 2, User List, null, system:user:list, null, 1
<==        Row: 1102, 11, 2, User Add, null, system:user:add, null, 2
<==        Row: 1103, 11, 2, User Edit, null, system:user:edit, null, 3
<==        Row: 1104, 11, 2, User Delete, null, system:user:delete, null, 4
<==        Row: 1201, 12, 2, Role List, null, system:role:list, null, 1
<==        Row: 1202, 12, 2, Role Add, null, system:role:add, null, 2
<==        Row: 1203, 12, 2, Role Edit, null, system:role:edit, null, 3
<==        Row: 1204, 12, 2, Role Delete, null, system:role:delete, null, 4
<==        Row: 1301, 13, 2, Menu List, null, system:menu:list, null, 1
<==        Row: 1302, 13, 2, Menu Add, null, system:menu:add, null, 2
<==        Row: 1303, 13, 2, Menu Edit, null, system:menu:edit, null, 3
<==        Row: 1304, 13, 2, Menu Delete, null, system:menu:delete, null, 4
<==        Row: 2101, 21, 2, Job List, null, job:job:list, null, 1
<==        Row: 2102, 21, 2, Job Add, null, job:job:add, null, 2
<==        Row: 2103, 21, 2, Job Edit, null, job:job:edit, null, 3
<==        Row: 2104, 21, 2, Job Delete, null, job:job:delete, null, 4
<==        Row: 2105, 21, 2, Job Publish, null, job:job:publish, null, 5
<==        Row: 2106, 21, 2, Job Close, null, job:job:close, null, 6
<==        Row: 3101, 31, 2, Resume List, null, resume:resume:list, null, 1
<==        Row: 3102, 31, 2, Resume Add, null, resume:resume:add, null, 2
<==        Row: 3103, 31, 2, Resume Edit, null, resume:resume:edit, null, 3
<==        Row: 3104, 31, 2, Resume Delete, null, resume:resume:delete, null, 4
<==        Row: 3105, 31, 2, Resume Export, null, resume:resume:export, null, 5
<==        Row: 4101, 41, 2, Match Execute, null, match:match:execute, null, 1
<==        Row: 4102, 41, 2, Match Config View, null, match:config:view, null, 2
<==        Row: 4103, 41, 2, Match Config Edit, null, match:config:edit, null, 3
<==        Row: 5101, 51, 2, Application List, null, application:list, null, 1
<==        Row: 5102, 51, 2, Application Add, null, application:add, null, 2
<==        Row: 5103, 51, 2, Application Edit, null, application:edit, null, 3
<==        Row: 5201, 52, 2, Interview List, null, interview:list, null, 1
<==        Row: 5202, 52, 2, Interview Add, null, interview:add, null, 2
<==        Row: 5203, 52, 2, Interview Edit, null, interview:edit, null, 3
<==        Row: 6101, 61, 2, Dashboard View, null, stats:dashboard:view, null, 1
<==        Row: 6201, 62, 2, Source Report View, null, stats:report:view, null, 1
<==        Row: 6202, 62, 2, Source Report Export, null, stats:report:export, null, 2
<==      Total: 51
Closing non transactional SqlSession [org.apache.ibatis.session.defaults.DefaultSqlSession@1a3a9ebc]
Creating a new SqlSession
SqlSession [org.apache.ibatis.session.defaults.DefaultSqlSession@54c5c502] was not registered for synchronization because synchronization is not active
JDBC Connection [com.alibaba.druid.pool.DruidStatementConnection@3515cda0] will not be managed by Spring
==>  Preparing: SELECT * FROM sys_user WHERE username = ? AND deleted = 0
==> Parameters: admin(String)
<==    Columns: id, username, real_name, phone, password, status, error_count, locked_until, deleted, created_time, updated_time
<==        Row: 1, admin, System Admin, 13800000000, $2a$10$CHHVPySZmO5DsDtGjAXwXugfDw4hPiI4HiOGoc8MSuyJqVM1e000q, 1, 0, null, 0, 2026-05-27 14:37:46, 2026-05-27 14:37:46
<==      Total: 1
Closing non transactional SqlSession [org.apache.ibatis.session.defaults.DefaultSqlSession@54c5c502]
Creating a new SqlSession
SqlSession [org.apache.ibatis.session.defaults.DefaultSqlSession@5e3dae72] was not registered for synchronization because synchronization is not active
JDBC Connection [com.alibaba.druid.pool.DruidStatementConnection@3515cda0] will not be managed by Spring
==>  Preparing: SELECT DISTINCT m.perm_code FROM sys_menu m INNER JOIN sys_role_menu rm ON m.id = rm.menu_id INNER JOIN sys_user_role ur ON rm.role_id = ur.role_id WHERE ur.user_id = ? AND m.perm_code IS NOT NULL AND m.perm_code != ''
==> Parameters: 1(Long)
<==    Columns: perm_code
<==        Row: system:user:list
<==        Row: system:user:add
<==        Row: system:user:edit
<==        Row: system:user:delete
<==        Row: system:role:list
<==        Row: system:role:add
<==        Row: system:role:edit
<==        Row: system:role:delete
<==        Row: system:menu:list
<==        Row: system:menu:add
<==        Row: system:menu:edit
<==        Row: system:menu:delete
<==        Row: job:job:list
<==        Row: job:job:add
<==        Row: job:job:edit
<==        Row: job:job:delete
<==        Row: job:job:publish
<==        Row: job:job:close
<==        Row: resume:resume:list
<==        Row: resume:resume:add
<==        Row: resume:resume:edit
<==        Row: resume:resume:delete
<==        Row: resume:resume:export
<==        Row: match:match:execute
<==        Row: match:config:view
<==        Row: match:config:edit
<==        Row: application:list
<==        Row: application:add
<==        Row: application:edit
<==        Row: interview:list
<==        Row: interview:add
<==        Row: interview:edit
<==        Row: stats:dashboard:view
<==        Row: stats:report:view
<==        Row: stats:report:export
<==      Total: 35
Closing non transactional SqlSession [org.apache.ibatis.session.defaults.DefaultSqlSession@5e3dae72]
Creating a new SqlSession
SqlSession [org.apache.ibatis.session.defaults.DefaultSqlSession@7f5edb27] was not registered for synchronization because synchronization is not active
Cache Hit Ratio [SQL_CACHE]: 0.0
JDBC Connection [com.alibaba.druid.pool.DruidStatementConnection@3515cda0] will not be managed by Spring
==>  Preparing: SELECT count(0) FROM job_position WHERE deleted = 0
==> Parameters: 
<==    Columns: count(0)
<==        Row: 1
<==      Total: 1
==>  Preparing: SELECT * FROM job_position WHERE deleted = 0 ORDER BY created_time DESC LIMIT ?
==> Parameters: 10(Integer)
<==    Columns: id, title, department, job_type, location, salary_min, salary_max, edu_require, exp_require, description, skill_tags, status, deleted, creator_id, created_time, updated_time
<==        Row: 1, 自动化测试职位-0527, 智能招聘部, FULL_TIME, 杭州, 10000, 20000, BACHELOR, 1, <<BLOB>>, <<BLOB>>, OPEN, 0, 1, 2026-05-27 16:17:13, 2026-05-27 16:18:52
<==      Total: 1
Closing non transactional SqlSession [org.apache.ibatis.session.defaults.DefaultSqlSession@7f5edb27]
Creating a new SqlSession
SqlSession [org.apache.ibatis.session.defaults.DefaultSqlSession@6f128760] was not registered for synchronization because synchronization is not active
JDBC Connection [com.alibaba.druid.pool.DruidStatementConnection@3515cda0] will not be managed by Spring
==>  Preparing: SELECT * FROM sys_user WHERE username = ? AND deleted = 0
==> Parameters: admin(String)
<==    Columns: id, username, real_name, phone, password, status, error_count, locked_until, deleted, created_time, updated_time
<==        Row: 1, admin, System Admin, 13800000000, $2a$10$CHHVPySZmO5DsDtGjAXwXugfDw4hPiI4HiOGoc8MSuyJqVM1e000q, 1, 0, null, 0, 2026-05-27 14:37:46, 2026-05-27 14:37:46
<==      Total: 1
Closing non transactional SqlSession [org.apache.ibatis.session.defaults.DefaultSqlSession@6f128760]
Creating a new SqlSession
SqlSession [org.apache.ibatis.session.defaults.DefaultSqlSession@3a3ee67f] was not registered for synchronization because synchronization is not active
JDBC Connection [com.alibaba.druid.pool.DruidStatementConnection@3515cda0] will not be managed by Spring
==>  Preparing: SELECT DISTINCT m.perm_code FROM sys_menu m INNER JOIN sys_role_menu rm ON m.id = rm.menu_id INNER JOIN sys_user_role ur ON rm.role_id = ur.role_id WHERE ur.user_id = ? AND m.perm_code IS NOT NULL AND m.perm_code != ''
==> Parameters: 1(Long)
<==    Columns: perm_code
<==        Row: system:user:list
<==        Row: system:user:add
<==        Row: system:user:edit
<==        Row: system:user:delete
<==        Row: system:role:list
<==        Row: system:role:add
<==        Row: system:role:edit
<==        Row: system:role:delete
<==        Row: system:menu:list
<==        Row: system:menu:add
<==        Row: system:menu:edit
<==        Row: system:menu:delete
<==        Row: job:job:list
<==        Row: job:job:add
<==        Row: job:job:edit
<==        Row: job:job:delete
<==        Row: job:job:publish
<==        Row: job:job:close
<==        Row: resume:resume:list
<==        Row: resume:resume:add
<==        Row: resume:resume:edit
<==        Row: resume:resume:delete
<==        Row: resume:resume:export
<==        Row: match:match:execute
<==        Row: match:config:view
<==        Row: match:config:edit
<==        Row: application:list
<==        Row: application:add
<==        Row: application:edit
<==        Row: interview:list
<==        Row: interview:add
<==        Row: interview:edit
<==        Row: stats:dashboard:view
<==        Row: stats:report:view
<==        Row: stats:report:export
<==      Total: 35
Closing non transactional SqlSession [org.apache.ibatis.session.defaults.DefaultSqlSession@3a3ee67f]
Creating a new SqlSession
SqlSession [org.apache.ibatis.session.defaults.DefaultSqlSession@bf54a5b] was not registered for synchronization because synchronization is not active
Cache Hit Ratio [SQL_CACHE]: 0.0
JDBC Connection [com.alibaba.druid.pool.DruidStatementConnection@3515cda0] will not be managed by Spring
==>  Preparing: SELECT count(0) FROM (SELECT DISTINCT r.* FROM resume_main r WHERE r.deleted = 0) table_count
==> Parameters: 
<==    Columns: count(0)
<==        Row: 2
<==      Total: 1
==>  Preparing: SELECT DISTINCT r.* FROM resume_main r WHERE r.deleted = 0 ORDER BY r.created_time DESC LIMIT ?
==> Parameters: 10(Integer)
<==    Columns: id, name, phone, email, gender, birth_date, city, desired_position, desired_city, desired_salary_min, desired_salary_max, job_status, highest_edu, total_exp_years, file_path, parse_success, source, self_intro, deleted, creator_id, created_time, updated_time
<==        Row: 2, 自动化回归候选人0527B, 13900005271, auto0527b@example.com, null, null, 杭州, 前端开发工程师, 杭州, null, null, null, null, null, null, null, MANUAL, <<BLOB>>, 0, 1, 2026-05-27 16:36:50, 2026-05-27 16:36:50
<==        Row: 1, 自动化测试候选人0527, 13900005270, auto0527@example.com, null, null, 杭州, 前端开发工程师, 杭州, null, null, , null, null, null, null, MANUAL, <<BLOB>>, 0, 1, 2026-05-27 16:18:40, 2026-05-27 16:18:40
<==      Total: 2
Closing non transactional SqlSession [org.apache.ibatis.session.defaults.DefaultSqlSession@bf54a5b]
Creating a new SqlSession
SqlSession [org.apache.ibatis.session.defaults.DefaultSqlSession@5ed79231] was not registered for synchronization because synchronization is not active
JDBC Connection [com.alibaba.druid.pool.DruidStatementConnection@3515cda0] will not be managed by Spring
==>  Preparing: SELECT * FROM resume_education WHERE resume_id=? ORDER BY start_date DESC
==> Parameters: 2(Long)
<==      Total: 0
Closing non transactional SqlSession [org.apache.ibatis.session.defaults.DefaultSqlSession@5ed79231]
Creating a new SqlSession
SqlSession [org.apache.ibatis.session.defaults.DefaultSqlSession@14f78326] was not registered for synchronization because synchronization is not active
JDBC Connection [com.alibaba.druid.pool.DruidStatementConnection@3515cda0] will not be managed by Spring
==>  Preparing: SELECT * FROM resume_work_exp WHERE resume_id=? ORDER BY start_date DESC
==> Parameters: 2(Long)
<==      Total: 0
Closing non transactional SqlSession [org.apache.ibatis.session.defaults.DefaultSqlSession@14f78326]
Creating a new SqlSession
SqlSession [org.apache.ibatis.session.defaults.DefaultSqlSession@11478bbc] was not registered for synchronization because synchronization is not active
JDBC Connection [com.alibaba.druid.pool.DruidStatementConnection@3515cda0] will not be managed by Spring
==>  Preparing: SELECT * FROM resume_skill WHERE resume_id=?
==> Parameters: 2(Long)
<==    Columns: id, resume_id, skill_name
<==        Row: 4, 2, Vue3
<==        Row: 5, 2, TypeScript
<==      Total: 2
Closing non transactional SqlSession [org.apache.ibatis.session.defaults.DefaultSqlSession@11478bbc]
Creating a new SqlSession
SqlSession [org.apache.ibatis.session.defaults.DefaultSqlSession@1ed56a44] was not registered for synchronization because synchronization is not active
JDBC Connection [com.alibaba.druid.pool.DruidStatementConnection@3515cda0] will not be managed by Spring
==>  Preparing: SELECT * FROM resume_education WHERE resume_id=? ORDER BY start_date DESC
==> Parameters: 1(Long)
<==      Total: 0
Closing non transactional SqlSession [org.apache.ibatis.session.defaults.DefaultSqlSession@1ed56a44]
Creating a new SqlSession
SqlSession [org.apache.ibatis.session.defaults.DefaultSqlSession@5ea33bc1] was not registered for synchronization because synchronization is not active
JDBC Connection [com.alibaba.druid.pool.DruidStatementConnection@3515cda0] will not be managed by Spring
==>  Preparing: SELECT * FROM resume_work_exp WHERE resume_id=? ORDER BY start_date DESC
==> Parameters: 1(Long)
<==      Total: 0
Closing non transactional SqlSession [org.apache.ibatis.session.defaults.DefaultSqlSession@5ea33bc1]
Creating a new SqlSession
SqlSession [org.apache.ibatis.session.defaults.DefaultSqlSession@44a5d193] was not registered for synchronization because synchronization is not active
JDBC Connection [com.alibaba.druid.pool.DruidStatementConnection@3515cda0] will not be managed by Spring
==>  Preparing: SELECT * FROM resume_skill WHERE resume_id=?
==> Parameters: 1(Long)
<==    Columns: id, resume_id, skill_name
<==        Row: 1, 1, Vue3
<==        Row: 2, 1, TypeScript
<==        Row: 3, 1, 招聘流程
<==      Total: 3
Closing non transactional SqlSession [org.apache.ibatis.session.defaults.DefaultSqlSession@44a5d193]
Creating a new SqlSession
Creating a new SqlSession
SqlSession [org.apache.ibatis.session.defaults.DefaultSqlSession@7c41169a] was not registered for synchronization because synchronization is not active
SqlSession [org.apache.ibatis.session.defaults.DefaultSqlSession@350be273] was not registered for synchronization because synchronization is not active
JDBC Connection [com.alibaba.druid.pool.DruidStatementConnection@3515cda0] will not be managed by Spring
JDBC Connection [com.alibaba.druid.pool.DruidStatementConnection@63316ce7] will not be managed by Spring
==>  Preparing: SELECT * FROM sys_user WHERE username = ? AND deleted = 0
==>  Preparing: SELECT * FROM sys_user WHERE username = ? AND deleted = 0
==> Parameters: admin(String)
==> Parameters: admin(String)
<==    Columns: id, username, real_name, phone, password, status, error_count, locked_until, deleted, created_time, updated_time
<==    Columns: id, username, real_name, phone, password, status, error_count, locked_until, deleted, created_time, updated_time
<==        Row: 1, admin, System Admin, 13800000000, $2a$10$CHHVPySZmO5DsDtGjAXwXugfDw4hPiI4HiOGoc8MSuyJqVM1e000q, 1, 0, null, 0, 2026-05-27 14:37:46, 2026-05-27 14:37:46
<==        Row: 1, admin, System Admin, 13800000000, $2a$10$CHHVPySZmO5DsDtGjAXwXugfDw4hPiI4HiOGoc8MSuyJqVM1e000q, 1, 0, null, 0, 2026-05-27 14:37:46, 2026-05-27 14:37:46
<==      Total: 1
<==      Total: 1
Closing non transactional SqlSession [org.apache.ibatis.session.defaults.DefaultSqlSession@7c41169a]
Closing non transactional SqlSession [org.apache.ibatis.session.defaults.DefaultSqlSession@350be273]
Creating a new SqlSession
Creating a new SqlSession
SqlSession [org.apache.ibatis.session.defaults.DefaultSqlSession@64e57768] was not registered for synchronization because synchronization is not active
SqlSession [org.apache.ibatis.session.defaults.DefaultSqlSession@6d6e7324] was not registered for synchronization because synchronization is not active
JDBC Connection [com.alibaba.druid.pool.DruidStatementConnection@63316ce7] will not be managed by Spring
JDBC Connection [com.alibaba.druid.pool.DruidStatementConnection@3515cda0] will not be managed by Spring
==>  Preparing: SELECT DISTINCT m.perm_code FROM sys_menu m INNER JOIN sys_role_menu rm ON m.id = rm.menu_id INNER JOIN sys_user_role ur ON rm.role_id = ur.role_id WHERE ur.user_id = ? AND m.perm_code IS NOT NULL AND m.perm_code != ''
==>  Preparing: SELECT DISTINCT m.perm_code FROM sys_menu m INNER JOIN sys_role_menu rm ON m.id = rm.menu_id INNER JOIN sys_user_role ur ON rm.role_id = ur.role_id WHERE ur.user_id = ? AND m.perm_code IS NOT NULL AND m.perm_code != ''
==> Parameters: 1(Long)
==> Parameters: 1(Long)
<==    Columns: perm_code
<==        Row: system:user:list
<==    Columns: perm_code
<==        Row: system:user:list
<==        Row: system:user:add
<==        Row: system:user:edit
<==        Row: system:user:add
<==        Row: system:user:delete
<==        Row: system:user:edit
<==        Row: system:role:list
<==        Row: system:user:delete
<==        Row: system:role:add
<==        Row: system:role:list
<==        Row: system:role:edit
<==        Row: system:role:add
<==        Row: system:role:delete
<==        Row: system:role:edit
<==        Row: system:menu:list
<==        Row: system:role:delete
<==        Row: system:menu:add
<==        Row: system:menu:list
<==        Row: system:menu:edit
<==        Row: system:menu:add
<==        Row: system:menu:delete
<==        Row: system:menu:edit
<==        Row: job:job:list
<==        Row: system:menu:delete
<==        Row: job:job:add
<==        Row: job:job:list
<==        Row: job:job:edit
<==        Row: job:job:add
<==        Row: job:job:delete
<==        Row: job:job:edit
<==        Row: job:job:publish
<==        Row: job:job:delete
<==        Row: job:job:close
<==        Row: job:job:publish
<==        Row: resume:resume:list
<==        Row: job:job:close
<==        Row: resume:resume:add
<==        Row: resume:resume:list
<==        Row: resume:resume:edit
<==        Row: resume:resume:add
<==        Row: resume:resume:delete
<==        Row: resume:resume:edit
<==        Row: resume:resume:export
<==        Row: resume:resume:delete
<==        Row: match:match:execute
<==        Row: resume:resume:export
<==        Row: match:config:view
<==        Row: match:match:execute
<==        Row: match:config:edit
<==        Row: match:config:view
<==        Row: application:list
<==        Row: match:config:edit
<==        Row: application:add
<==        Row: application:list
<==        Row: application:edit
<==        Row: application:add
<==        Row: interview:list
<==        Row: application:edit
<==        Row: interview:add
<==        Row: interview:list
<==        Row: interview:edit
<==        Row: interview:add
<==        Row: stats:dashboard:view
<==        Row: interview:edit
<==        Row: stats:report:view
<==        Row: stats:dashboard:view
<==        Row: stats:report:export
<==        Row: stats:report:view
<==        Row: stats:report:export
<==      Total: 35
<==      Total: 35
Closing non transactional SqlSession [org.apache.ibatis.session.defaults.DefaultSqlSession@64e57768]
Closing non transactional SqlSession [org.apache.ibatis.session.defaults.DefaultSqlSession@6d6e7324]
Creating a new SqlSession
SqlSession [org.apache.ibatis.session.defaults.DefaultSqlSession@36531019] was not registered for synchronization because synchronization is not active
Creating a new SqlSession
SqlSession [org.apache.ibatis.session.defaults.DefaultSqlSession@714f475b] was not registered for synchronization because synchronization is not active
JDBC Connection [com.alibaba.druid.pool.DruidStatementConnection@3515cda0] will not be managed by Spring
==>  Preparing: SELECT * FROM match_config LIMIT 1
Cache Hit Ratio [SQL_CACHE]: 0.25
==> Parameters: 
<==    Columns: id, skill_weight, edu_weight, exp_weight, updated_time, updater_id
<==        Row: 1, 50, 30, 20, 2026-05-27 14:37:46, 1
<==      Total: 1
Closing non transactional SqlSession [org.apache.ibatis.session.defaults.DefaultSqlSession@714f475b]
JDBC Connection [com.alibaba.druid.pool.DruidStatementConnection@3515cda0] will not be managed by Spring
==>  Preparing: SELECT count(0) FROM job_position WHERE deleted = 0 AND status = ?
==> Parameters: OPEN(String)
<==    Columns: count(0)
<==        Row: 1
<==      Total: 1
==>  Preparing: SELECT * FROM job_position WHERE deleted = 0 AND status = ? ORDER BY created_time DESC LIMIT ?
==> Parameters: OPEN(String), 999(Integer)
<==    Columns: id, title, department, job_type, location, salary_min, salary_max, edu_require, exp_require, description, skill_tags, status, deleted, creator_id, created_time, updated_time
<==        Row: 1, 自动化测试职位-0527, 智能招聘部, FULL_TIME, 杭州, 10000, 20000, BACHELOR, 1, <<BLOB>>, <<BLOB>>, OPEN, 0, 1, 2026-05-27 16:17:13, 2026-05-27 16:18:52
<==      Total: 1
Closing non transactional SqlSession [org.apache.ibatis.session.defaults.DefaultSqlSession@36531019]
Creating a new SqlSession
Creating a new SqlSession
SqlSession [org.apache.ibatis.session.defaults.DefaultSqlSession@206dafd0] was not registered for synchronization because synchronization is not active
SqlSession [org.apache.ibatis.session.defaults.DefaultSqlSession@7b298318] was not registered for synchronization because synchronization is not active
JDBC Connection [com.alibaba.druid.pool.DruidStatementConnection@3515cda0] will not be managed by Spring
JDBC Connection [com.alibaba.druid.pool.DruidStatementConnection@63316ce7] will not be managed by Spring
==>  Preparing: SELECT * FROM sys_user WHERE username = ? AND deleted = 0
==>  Preparing: SELECT * FROM sys_user WHERE username = ? AND deleted = 0
Creating a new SqlSession
SqlSession [org.apache.ibatis.session.defaults.DefaultSqlSession@5424fb0e] was not registered for synchronization because synchronization is not active
JDBC Connection [com.alibaba.druid.pool.DruidStatementConnection@519d8ae2] will not be managed by Spring
==>  Preparing: SELECT * FROM sys_user WHERE username = ? AND deleted = 0
==> Parameters: admin(String)
==> Parameters: admin(String)
==> Parameters: admin(String)
<==    Columns: id, username, real_name, phone, password, status, error_count, locked_until, deleted, created_time, updated_time
<==    Columns: id, username, real_name, phone, password, status, error_count, locked_until, deleted, created_time, updated_time
<==    Columns: id, username, real_name, phone, password, status, error_count, locked_until, deleted, created_time, updated_time
<==        Row: 1, admin, System Admin, 13800000000, $2a$10$CHHVPySZmO5DsDtGjAXwXugfDw4hPiI4HiOGoc8MSuyJqVM1e000q, 1, 0, null, 0, 2026-05-27 14:37:46, 2026-05-27 14:37:46
<==        Row: 1, admin, System Admin, 13800000000, $2a$10$CHHVPySZmO5DsDtGjAXwXugfDw4hPiI4HiOGoc8MSuyJqVM1e000q, 1, 0, null, 0, 2026-05-27 14:37:46, 2026-05-27 14:37:46
<==        Row: 1, admin, System Admin, 13800000000, $2a$10$CHHVPySZmO5DsDtGjAXwXugfDw4hPiI4HiOGoc8MSuyJqVM1e000q, 1, 0, null, 0, 2026-05-27 14:37:46, 2026-05-27 14:37:46
<==      Total: 1
<==      Total: 1
<==      Total: 1
Closing non transactional SqlSession [org.apache.ibatis.session.defaults.DefaultSqlSession@7b298318]
Closing non transactional SqlSession [org.apache.ibatis.session.defaults.DefaultSqlSession@206dafd0]
Closing non transactional SqlSession [org.apache.ibatis.session.defaults.DefaultSqlSession@5424fb0e]
Creating a new SqlSession
Creating a new SqlSession
Creating a new SqlSession
SqlSession [org.apache.ibatis.session.defaults.DefaultSqlSession@2211acf5] was not registered for synchronization because synchronization is not active
SqlSession [org.apache.ibatis.session.defaults.DefaultSqlSession@1ac353c6] was not registered for synchronization because synchronization is not active
SqlSession [org.apache.ibatis.session.defaults.DefaultSqlSession@6106a8ca] was not registered for synchronization because synchronization is not active
JDBC Connection [com.alibaba.druid.pool.DruidStatementConnection@519d8ae2] will not be managed by Spring
JDBC Connection [com.alibaba.druid.pool.DruidStatementConnection@3515cda0] will not be managed by Spring
==>  Preparing: SELECT DISTINCT m.perm_code FROM sys_menu m INNER JOIN sys_role_menu rm ON m.id = rm.menu_id INNER JOIN sys_user_role ur ON rm.role_id = ur.role_id WHERE ur.user_id = ? AND m.perm_code IS NOT NULL AND m.perm_code != ''
==>  Preparing: SELECT DISTINCT m.perm_code FROM sys_menu m INNER JOIN sys_role_menu rm ON m.id = rm.menu_id INNER JOIN sys_user_role ur ON rm.role_id = ur.role_id WHERE ur.user_id = ? AND m.perm_code IS NOT NULL AND m.perm_code != ''
JDBC Connection [com.alibaba.druid.pool.DruidStatementConnection@63316ce7] will not be managed by Spring
==>  Preparing: SELECT DISTINCT m.perm_code FROM sys_menu m INNER JOIN sys_role_menu rm ON m.id = rm.menu_id INNER JOIN sys_user_role ur ON rm.role_id = ur.role_id WHERE ur.user_id = ? AND m.perm_code IS NOT NULL AND m.perm_code != ''
==> Parameters: 1(Long)
==> Parameters: 1(Long)
==> Parameters: 1(Long)
<==    Columns: perm_code
<==    Columns: perm_code
<==        Row: system:user:list
<==        Row: system:user:list
<==        Row: system:user:add
<==        Row: system:user:add
<==        Row: system:user:edit
<==        Row: system:user:edit
<==        Row: system:user:delete
<==        Row: system:user:delete
<==        Row: system:role:list
<==        Row: system:role:add
<==        Row: system:role:list
<==        Row: system:role:edit
<==        Row: system:role:add
<==        Row: system:role:delete
<==        Row: system:role:edit
<==        Row: system:menu:list
<==        Row: system:role:delete
<==        Row: system:menu:add
<==        Row: system:menu:list
<==        Row: system:menu:edit
<==        Row: system:menu:add
<==        Row: system:menu:delete
<==        Row: system:menu:edit
<==        Row: job:job:list
<==        Row: system:menu:delete
<==        Row: job:job:add
<==        Row: job:job:list
<==        Row: job:job:edit
<==        Row: job:job:add
<==        Row: job:job:delete
<==        Row: job:job:edit
<==        Row: job:job:publish
<==        Row: job:job:delete
<==        Row: job:job:close
<==        Row: job:job:publish
<==        Row: resume:resume:list
<==        Row: resume:resume:add
<==        Row: resume:resume:edit
<==        Row: job:job:close
<==        Row: resume:resume:delete
<==        Row: resume:resume:list
<==        Row: resume:resume:export
<==        Row: resume:resume:add
<==        Row: match:match:execute
<==        Row: resume:resume:edit
<==        Row: match:config:view
<==        Row: resume:resume:delete
<==        Row: match:config:edit
<==        Row: resume:resume:export
<==        Row: application:list
<==        Row: match:match:execute
<==        Row: application:add
<==        Row: match:config:view
<==        Row: application:edit
<==        Row: match:config:edit
<==        Row: interview:list
<==        Row: application:list
<==        Row: application:add
<==        Row: application:edit
<==        Row: interview:list
<==        Row: interview:add
<==        Row: interview:edit
<==        Row: stats:dashboard:view
<==        Row: stats:report:view
<==        Row: stats:report:export
<==      Total: 35
<==        Row: interview:add
Closing non transactional SqlSession [org.apache.ibatis.session.defaults.DefaultSqlSession@2211acf5]
<==        Row: interview:edit
<==        Row: stats:dashboard:view
<==    Columns: perm_code
<==        Row: stats:report:view
<==        Row: system:user:list
<==        Row: system:user:add
<==        Row: system:user:edit
<==        Row: system:user:delete
<==        Row: system:role:list
<==        Row: system:role:add
<==        Row: system:role:edit
<==        Row: system:role:delete
<==        Row: system:menu:list
<==        Row: system:menu:add
<==        Row: stats:report:export
<==      Total: 35
<==        Row: system:menu:edit
<==        Row: system:menu:delete
<==        Row: job:job:list
<==        Row: job:job:add
<==        Row: job:job:edit
<==        Row: job:job:delete
<==        Row: job:job:publish
<==        Row: job:job:close
<==        Row: resume:resume:list
<==        Row: resume:resume:add
<==        Row: resume:resume:edit
<==        Row: resume:resume:delete
<==        Row: resume:resume:export
<==        Row: match:match:execute
<==        Row: match:config:view
<==        Row: match:config:edit
<==        Row: application:list
<==        Row: application:add
<==        Row: application:edit
<==        Row: interview:list
Closing non transactional SqlSession [org.apache.ibatis.session.defaults.DefaultSqlSession@6106a8ca]
<==        Row: interview:add
<==        Row: interview:edit
<==        Row: stats:dashboard:view
<==        Row: stats:report:view
<==        Row: stats:report:export
<==      Total: 35
Closing non transactional SqlSession [org.apache.ibatis.session.defaults.DefaultSqlSession@1ac353c6]
Creating a new SqlSession
SqlSession [org.apache.ibatis.session.defaults.DefaultSqlSession@22d84508] was not registered for synchronization because synchronization is not active
Creating a new SqlSession
SqlSession [org.apache.ibatis.session.defaults.DefaultSqlSession@4eacf261] was not registered for synchronization because synchronization is not active
Cache Hit Ratio [SQL_CACHE]: 0.4
Cache Hit Ratio [SQL_CACHE]: 0.5
Creating a new SqlSession
SqlSession [org.apache.ibatis.session.defaults.DefaultSqlSession@7a5d8f8e] was not registered for synchronization because synchronization is not active
Cache Hit Ratio [SQL_CACHE]: 0.42857142857142855
JDBC Connection [com.alibaba.druid.pool.DruidStatementConnection@63316ce7] will not be managed by Spring
==>  Preparing: SELECT count(0) FROM job_position WHERE deleted = 0
JDBC Connection [com.alibaba.druid.pool.DruidStatementConnection@3515cda0] will not be managed by Spring
==>  Preparing: SELECT count(0) FROM (SELECT DISTINCT r.* FROM resume_main r WHERE r.deleted = 0) table_count
==> Parameters: 
==> Parameters: 
<==    Columns: count(0)
<==    Columns: count(0)
<==        Row: 1
<==        Row: 2
<==      Total: 1
<==      Total: 1
==>  Preparing: SELECT * FROM job_position WHERE deleted = 0 ORDER BY created_time DESC LIMIT ?
==>  Preparing: SELECT DISTINCT r.* FROM resume_main r WHERE r.deleted = 0 ORDER BY r.created_time DESC LIMIT ?
==> Parameters: 999(Integer)
==> Parameters: 999(Integer)
<==    Columns: id, title, department, job_type, location, salary_min, salary_max, edu_require, exp_require, description, skill_tags, status, deleted, creator_id, created_time, updated_time
<==    Columns: id, name, phone, email, gender, birth_date, city, desired_position, desired_city, desired_salary_min, desired_salary_max, job_status, highest_edu, total_exp_years, file_path, parse_success, source, self_intro, deleted, creator_id, created_time, updated_time
<==        Row: 1, 自动化测试职位-0527, 智能招聘部, FULL_TIME, 杭州, 10000, 20000, BACHELOR, 1, <<BLOB>>, <<BLOB>>, OPEN, 0, 1, 2026-05-27 16:17:13, 2026-05-27 16:18:52
<==        Row: 2, 自动化回归候选人0527B, 13900005271, auto0527b@example.com, null, null, 杭州, 前端开发工程师, 杭州, null, null, null, null, null, null, null, MANUAL, <<BLOB>>, 0, 1, 2026-05-27 16:36:50, 2026-05-27 16:36:50
JDBC Connection [com.alibaba.druid.pool.DruidStatementConnection@519d8ae2] will not be managed by Spring
==>  Preparing: SELECT count(0) FROM job_application a LEFT JOIN job_position p ON a.position_id = p.id LEFT JOIN resume_main r ON a.resume_id = r.id WHERE 1 = 1
==> Parameters: 
<==    Columns: count(0)
<==        Row: 2
<==      Total: 1
<==      Total: 1
<==        Row: 1, 自动化测试候选人0527, 13900005270, auto0527@example.com, null, null, 杭州, 前端开发工程师, 杭州, null, null, , null, null, null, null, MANUAL, <<BLOB>>, 0, 1, 2026-05-27 16:18:40, 2026-05-27 16:18:40
==>  Preparing: SELECT a.*, p.title as position_title, r.name as resume_name FROM job_application a LEFT JOIN job_position p ON a.position_id = p.id LEFT JOIN resume_main r ON a.resume_id = r.id WHERE 1=1 ORDER BY a.created_time DESC LIMIT ?
==> Parameters: 10(Integer)
Closing non transactional SqlSession [org.apache.ibatis.session.defaults.DefaultSqlSession@4eacf261]
<==      Total: 2
Closing non transactional SqlSession [org.apache.ibatis.session.defaults.DefaultSqlSession@22d84508]
Creating a new SqlSession
SqlSession [org.apache.ibatis.session.defaults.DefaultSqlSession@4cfe0129] was not registered for synchronization because synchronization is not active
JDBC Connection [com.alibaba.druid.pool.DruidStatementConnection@3515cda0] will not be managed by Spring
==>  Preparing: SELECT * FROM resume_education WHERE resume_id=? ORDER BY start_date DESC
==> Parameters: 2(Long)
<==      Total: 0
<==    Columns: id, position_id, resume_id, status, operate_time, operator_id, remark, created_time, position_title, resume_name
<==        Row: 2, 1, 2, INTERVIEW_PASSED, 2026-05-27 16:37:31, 1, 面试结果：PASS, 2026-05-27 16:36:50, 自动化测试职位-0527, 自动化回归候选人0527B
Closing non transactional SqlSession [org.apache.ibatis.session.defaults.DefaultSqlSession@4cfe0129]
Creating a new SqlSession
SqlSession [org.apache.ibatis.session.defaults.DefaultSqlSession@3d7e588a] was not registered for synchronization because synchronization is not active
<==        Row: 1, 1, 1, INTERVIEW_PASSED, 2026-05-27 16:29:53, 1, 面试结果：PASS, 2026-05-27 16:19:47, 自动化测试职位-0527, 自动化测试候选人0527
JDBC Connection [com.alibaba.druid.pool.DruidStatementConnection@3515cda0] will not be managed by Spring
==>  Preparing: SELECT * FROM resume_work_exp WHERE resume_id=? ORDER BY start_date DESC
<==      Total: 2
Closing non transactional SqlSession [org.apache.ibatis.session.defaults.DefaultSqlSession@7a5d8f8e]
==> Parameters: 2(Long)
<==      Total: 0
Closing non transactional SqlSession [org.apache.ibatis.session.defaults.DefaultSqlSession@3d7e588a]
Creating a new SqlSession
SqlSession [org.apache.ibatis.session.defaults.DefaultSqlSession@5a8db70d] was not registered for synchronization because synchronization is not active
JDBC Connection [com.alibaba.druid.pool.DruidStatementConnection@3515cda0] will not be managed by Spring
==>  Preparing: SELECT * FROM resume_skill WHERE resume_id=?
==> Parameters: 2(Long)
<==    Columns: id, resume_id, skill_name
<==        Row: 4, 2, Vue3
<==        Row: 5, 2, TypeScript
<==      Total: 2
Closing non transactional SqlSession [org.apache.ibatis.session.defaults.DefaultSqlSession@5a8db70d]
Creating a new SqlSession
SqlSession [org.apache.ibatis.session.defaults.DefaultSqlSession@7371e114] was not registered for synchronization because synchronization is not active
JDBC Connection [com.alibaba.druid.pool.DruidStatementConnection@3515cda0] will not be managed by Spring
==>  Preparing: SELECT * FROM resume_education WHERE resume_id=? ORDER BY start_date DESC
==> Parameters: 1(Long)
<==      Total: 0
Closing non transactional SqlSession [org.apache.ibatis.session.defaults.DefaultSqlSession@7371e114]
Creating a new SqlSession
SqlSession [org.apache.ibatis.session.defaults.DefaultSqlSession@124e4789] was not registered for synchronization because synchronization is not active
JDBC Connection [com.alibaba.druid.pool.DruidStatementConnection@3515cda0] will not be managed by Spring
==>  Preparing: SELECT * FROM resume_work_exp WHERE resume_id=? ORDER BY start_date DESC
==> Parameters: 1(Long)
<==      Total: 0
Closing non transactional SqlSession [org.apache.ibatis.session.defaults.DefaultSqlSession@124e4789]
Creating a new SqlSession
SqlSession [org.apache.ibatis.session.defaults.DefaultSqlSession@7071bce9] was not registered for synchronization because synchronization is not active
JDBC Connection [com.alibaba.druid.pool.DruidStatementConnection@3515cda0] will not be managed by Spring
==>  Preparing: SELECT * FROM resume_skill WHERE resume_id=?
==> Parameters: 1(Long)
<==    Columns: id, resume_id, skill_name
<==        Row: 1, 1, Vue3
<==        Row: 2, 1, TypeScript
<==        Row: 3, 1, 招聘流程
<==      Total: 3
Closing non transactional SqlSession [org.apache.ibatis.session.defaults.DefaultSqlSession@7071bce9]
Creating a new SqlSession
SqlSession [org.apache.ibatis.session.defaults.DefaultSqlSession@48822c37] was not registered for synchronization because synchronization is not active
Creating a new SqlSession
SqlSession [org.apache.ibatis.session.defaults.DefaultSqlSession@289508ad] was not registered for synchronization because synchronization is not active
JDBC Connection [com.alibaba.druid.pool.DruidStatementConnection@3515cda0] will not be managed by Spring
JDBC Connection [com.alibaba.druid.pool.DruidStatementConnection@519d8ae2] will not be managed by Spring
==>  Preparing: SELECT * FROM sys_user WHERE username = ? AND deleted = 0
==>  Preparing: SELECT * FROM sys_user WHERE username = ? AND deleted = 0
==> Parameters: admin(String)
==> Parameters: admin(String)
<==    Columns: id, username, real_name, phone, password, status, error_count, locked_until, deleted, created_time, updated_time
<==    Columns: id, username, real_name, phone, password, status, error_count, locked_until, deleted, created_time, updated_time
<==        Row: 1, admin, System Admin, 13800000000, $2a$10$CHHVPySZmO5DsDtGjAXwXugfDw4hPiI4HiOGoc8MSuyJqVM1e000q, 1, 0, null, 0, 2026-05-27 14:37:46, 2026-05-27 14:37:46
<==        Row: 1, admin, System Admin, 13800000000, $2a$10$CHHVPySZmO5DsDtGjAXwXugfDw4hPiI4HiOGoc8MSuyJqVM1e000q, 1, 0, null, 0, 2026-05-27 14:37:46, 2026-05-27 14:37:46
<==      Total: 1
<==      Total: 1
Closing non transactional SqlSession [org.apache.ibatis.session.defaults.DefaultSqlSession@48822c37]
Closing non transactional SqlSession [org.apache.ibatis.session.defaults.DefaultSqlSession@289508ad]
Creating a new SqlSession
SqlSession [org.apache.ibatis.session.defaults.DefaultSqlSession@1e672ea4] was not registered for synchronization because synchronization is not active
Creating a new SqlSession
SqlSession [org.apache.ibatis.session.defaults.DefaultSqlSession@6391fbe7] was not registered for synchronization because synchronization is not active
JDBC Connection [com.alibaba.druid.pool.DruidStatementConnection@519d8ae2] will not be managed by Spring
JDBC Connection [com.alibaba.druid.pool.DruidStatementConnection@3515cda0] will not be managed by Spring
==>  Preparing: SELECT DISTINCT m.perm_code FROM sys_menu m INNER JOIN sys_role_menu rm ON m.id = rm.menu_id INNER JOIN sys_user_role ur ON rm.role_id = ur.role_id WHERE ur.user_id = ? AND m.perm_code IS NOT NULL AND m.perm_code != ''
==>  Preparing: SELECT DISTINCT m.perm_code FROM sys_menu m INNER JOIN sys_role_menu rm ON m.id = rm.menu_id INNER JOIN sys_user_role ur ON rm.role_id = ur.role_id WHERE ur.user_id = ? AND m.perm_code IS NOT NULL AND m.perm_code != ''
==> Parameters: 1(Long)
==> Parameters: 1(Long)
<==    Columns: perm_code
<==        Row: system:user:list
<==        Row: system:user:add
<==        Row: system:user:edit
<==        Row: system:user:delete
<==        Row: system:role:list
<==        Row: system:role:add
<==        Row: system:role:edit
<==        Row: system:role:delete
<==        Row: system:menu:list
<==        Row: system:menu:add
<==        Row: system:menu:edit
<==        Row: system:menu:delete
<==        Row: job:job:list
<==        Row: job:job:add
<==        Row: job:job:edit
<==        Row: job:job:delete
<==        Row: job:job:publish
<==        Row: job:job:close
<==        Row: resume:resume:list
<==        Row: resume:resume:add
<==        Row: resume:resume:edit
<==        Row: resume:resume:delete
<==        Row: resume:resume:export
<==        Row: match:match:execute
<==        Row: match:config:view
<==        Row: match:config:edit
<==        Row: application:list
<==        Row: application:add
<==        Row: application:edit
<==        Row: interview:list
<==        Row: interview:add
<==        Row: interview:edit
<==        Row: stats:dashboard:view
<==        Row: stats:report:view
<==        Row: stats:report:export
<==      Total: 35
<==    Columns: perm_code
<==        Row: system:user:list
<==        Row: system:user:add
<==        Row: system:user:edit
<==        Row: system:user:delete
<==        Row: system:role:list
<==        Row: system:role:add
<==        Row: system:role:edit
<==        Row: system:role:delete
Closing non transactional SqlSession [org.apache.ibatis.session.defaults.DefaultSqlSession@6391fbe7]
<==        Row: system:menu:list
<==        Row: system:menu:add
<==        Row: system:menu:edit
<==        Row: system:menu:delete
<==        Row: job:job:list
<==        Row: job:job:add
<==        Row: job:job:edit
<==        Row: job:job:delete
<==        Row: job:job:publish
<==        Row: job:job:close
<==        Row: resume:resume:list
<==        Row: resume:resume:add
<==        Row: resume:resume:edit
<==        Row: resume:resume:delete
<==        Row: resume:resume:export
<==        Row: match:match:execute
<==        Row: match:config:view
<==        Row: match:config:edit
<==        Row: application:list
<==        Row: application:add
<==        Row: application:edit
<==        Row: interview:list
<==        Row: interview:add
<==        Row: interview:edit
<==        Row: stats:dashboard:view
<==        Row: stats:report:view
<==        Row: stats:report:export
<==      Total: 35
Closing non transactional SqlSession [org.apache.ibatis.session.defaults.DefaultSqlSession@1e672ea4]
Creating a new SqlSession
SqlSession [org.apache.ibatis.session.defaults.DefaultSqlSession@28a40c99] was not registered for synchronization because synchronization is not active
Cache Hit Ratio [SQL_CACHE]: 0.5
Creating a new SqlSession
SqlSession [org.apache.ibatis.session.defaults.DefaultSqlSession@65914b] was not registered for synchronization because synchronization is not active
JDBC Connection [com.alibaba.druid.pool.DruidStatementConnection@519d8ae2] will not be managed by Spring
==>  Preparing: SELECT count(0) FROM job_application a LEFT JOIN job_position p ON a.position_id = p.id LEFT JOIN resume_main r ON a.resume_id = r.id WHERE 1 = 1
==> Parameters: 
Cache Hit Ratio [SQL_CACHE]: 0.4444444444444444
JDBC Connection [com.alibaba.druid.pool.DruidStatementConnection@3515cda0] will not be managed by Spring
==>  Preparing: SELECT count(0) FROM interview_record WHERE 1 = 1
==> Parameters: 
<==    Columns: count(0)
<==    Columns: count(0)
<==        Row: 2
<==        Row: 2
<==      Total: 1
<==      Total: 1
==>  Preparing: SELECT a.*, p.title as position_title, r.name as resume_name FROM job_application a LEFT JOIN job_position p ON a.position_id = p.id LEFT JOIN resume_main r ON a.resume_id = r.id WHERE 1=1 ORDER BY a.created_time DESC LIMIT ?
==>  Preparing: SELECT * FROM interview_record WHERE 1=1 ORDER BY interview_time DESC LIMIT ?
==> Parameters: 10(Integer)
==> Parameters: 999(Integer)
<==    Columns: id, position_id, resume_id, status, operate_time, operator_id, remark, created_time, position_title, resume_name
<==    Columns: id, application_id, interview_time, interviewer, location, score, comment, result, created_time
<==        Row: 2, 2, 2026-05-27 20:00:00, 面试官B, 线上会议室-回归, 5, <<BLOB>>, PASS, 2026-05-27 16:36:50
<==        Row: 2, 1, 2, INTERVIEW_PASSED, 2026-05-27 16:37:31, 1, 面试结果：PASS, 2026-05-27 16:36:50, 自动化测试职位-0527, 自动化回归候选人0527B
<==        Row: 1, 1, 1, INTERVIEW_PASSED, 2026-05-27 16:29:53, 1, 面试结果：PASS, 2026-05-27 16:19:47, 自动化测试职位-0527, 自动化测试候选人0527
<==      Total: 2
Closing non transactional SqlSession [org.apache.ibatis.session.defaults.DefaultSqlSession@28a40c99]
<==        Row: 1, 1, 2026-05-27 19:30:00, 面试官A, 线上会议室-自动化, 5, <<BLOB>>, PASS, 2026-05-27 16:29:44
<==      Total: 2
Closing non transactional SqlSession [org.apache.ibatis.session.defaults.DefaultSqlSession@65914b]
Creating a new SqlSession
SqlSession [org.apache.ibatis.session.defaults.DefaultSqlSession@318b2443] was not registered for synchronization because synchronization is not active
JDBC Connection [com.alibaba.druid.pool.DruidStatementConnection@3515cda0] will not be managed by Spring
==>  Preparing: SELECT * FROM sys_user WHERE username = ? AND deleted = 0
==> Parameters: admin(String)
<==    Columns: id, username, real_name, phone, password, status, error_count, locked_until, deleted, created_time, updated_time
<==        Row: 1, admin, System Admin, 13800000000, $2a$10$CHHVPySZmO5DsDtGjAXwXugfDw4hPiI4HiOGoc8MSuyJqVM1e000q, 1, 0, null, 0, 2026-05-27 14:37:46, 2026-05-27 14:37:46
<==      Total: 1
Closing non transactional SqlSession [org.apache.ibatis.session.defaults.DefaultSqlSession@318b2443]
Creating a new SqlSession
SqlSession [org.apache.ibatis.session.defaults.DefaultSqlSession@4d4eb493] was not registered for synchronization because synchronization is not active
JDBC Connection [com.alibaba.druid.pool.DruidStatementConnection@3515cda0] will not be managed by Spring
==>  Preparing: SELECT DISTINCT m.perm_code FROM sys_menu m INNER JOIN sys_role_menu rm ON m.id = rm.menu_id INNER JOIN sys_user_role ur ON rm.role_id = ur.role_id WHERE ur.user_id = ? AND m.perm_code IS NOT NULL AND m.perm_code != ''
==> Parameters: 1(Long)
<==    Columns: perm_code
<==        Row: system:user:list
<==        Row: system:user:add
<==        Row: system:user:edit
<==        Row: system:user:delete
<==        Row: system:role:list
<==        Row: system:role:add
<==        Row: system:role:edit
<==        Row: system:role:delete
<==        Row: system:menu:list
<==        Row: system:menu:add
<==        Row: system:menu:edit
<==        Row: system:menu:delete
<==        Row: job:job:list
<==        Row: job:job:add
<==        Row: job:job:edit
<==        Row: job:job:delete
<==        Row: job:job:publish
<==        Row: job:job:close
<==        Row: resume:resume:list
<==        Row: resume:resume:add
<==        Row: resume:resume:edit
<==        Row: resume:resume:delete
<==        Row: resume:resume:export
<==        Row: match:match:execute
<==        Row: match:config:view
<==        Row: match:config:edit
<==        Row: application:list
<==        Row: application:add
<==        Row: application:edit
<==        Row: interview:list
<==        Row: interview:add
<==        Row: interview:edit
<==        Row: stats:dashboard:view
<==        Row: stats:report:view
<==        Row: stats:report:export
<==      Total: 35
Closing non transactional SqlSession [org.apache.ibatis.session.defaults.DefaultSqlSession@4d4eb493]
Creating a new SqlSession
SqlSession [org.apache.ibatis.session.defaults.DefaultSqlSession@31b01306] was not registered for synchronization because synchronization is not active
JDBC Connection [com.alibaba.druid.pool.DruidStatementConnection@3515cda0] will not be managed by Spring
==>  Preparing: SELECT * FROM sys_user WHERE username = ? AND deleted = 0
==> Parameters: admin(String)
<==    Columns: id, username, real_name, phone, password, status, error_count, locked_until, deleted, created_time, updated_time
<==        Row: 1, admin, System Admin, 13800000000, $2a$10$CHHVPySZmO5DsDtGjAXwXugfDw4hPiI4HiOGoc8MSuyJqVM1e000q, 1, 0, null, 0, 2026-05-27 14:37:46, 2026-05-27 14:37:46
<==      Total: 1
Closing non transactional SqlSession [org.apache.ibatis.session.defaults.DefaultSqlSession@31b01306]
Creating a new SqlSession
SqlSession [org.apache.ibatis.session.defaults.DefaultSqlSession@65ec64d] was not registered for synchronization because synchronization is not active
JDBC Connection [com.alibaba.druid.pool.DruidStatementConnection@3515cda0] will not be managed by Spring
==>  Preparing: SELECT DISTINCT m.perm_code FROM sys_menu m INNER JOIN sys_role_menu rm ON m.id = rm.menu_id INNER JOIN sys_user_role ur ON rm.role_id = ur.role_id WHERE ur.user_id = ? AND m.perm_code IS NOT NULL AND m.perm_code != ''
==> Parameters: 1(Long)
<==    Columns: perm_code
<==        Row: system:user:list
<==        Row: system:user:add
<==        Row: system:user:edit
<==        Row: system:user:delete
<==        Row: system:role:list
<==        Row: system:role:add
<==        Row: system:role:edit
<==        Row: system:role:delete
<==        Row: system:menu:list
<==        Row: system:menu:add
<==        Row: system:menu:edit
<==        Row: system:menu:delete
<==        Row: job:job:list
<==        Row: job:job:add
<==        Row: job:job:edit
<==        Row: job:job:delete
<==        Row: job:job:publish
<==        Row: job:job:close
<==        Row: resume:resume:list
<==        Row: resume:resume:add
<==        Row: resume:resume:edit
<==        Row: resume:resume:delete
<==        Row: resume:resume:export
<==        Row: match:match:execute
<==        Row: match:config:view
<==        Row: match:config:edit
<==        Row: application:list
<==        Row: application:add
<==        Row: application:edit
<==        Row: interview:list
<==        Row: interview:add
<==        Row: interview:edit
<==        Row: stats:dashboard:view
<==        Row: stats:report:view
<==        Row: stats:report:export
<==      Total: 35
Closing non transactional SqlSession [org.apache.ibatis.session.defaults.DefaultSqlSession@65ec64d]
Creating a new SqlSession
SqlSession [org.apache.ibatis.session.defaults.DefaultSqlSession@5279d6dd] was not registered for synchronization because synchronization is not active
JDBC Connection [com.alibaba.druid.pool.DruidStatementConnection@3515cda0] will not be managed by Spring
==>  Preparing: SELECT * FROM sys_user WHERE username = ? AND deleted = 0
==> Parameters: admin(String)
<==    Columns: id, username, real_name, phone, password, status, error_count, locked_until, deleted, created_time, updated_time
<==        Row: 1, admin, System Admin, 13800000000, $2a$10$CHHVPySZmO5DsDtGjAXwXugfDw4hPiI4HiOGoc8MSuyJqVM1e000q, 1, 0, null, 0, 2026-05-27 14:37:46, 2026-05-27 14:37:46
<==      Total: 1
Closing non transactional SqlSession [org.apache.ibatis.session.defaults.DefaultSqlSession@5279d6dd]
Creating a new SqlSession
SqlSession [org.apache.ibatis.session.defaults.DefaultSqlSession@786f7cf0] was not registered for synchronization because synchronization is not active
JDBC Connection [com.alibaba.druid.pool.DruidStatementConnection@3515cda0] will not be managed by Spring
==>  Preparing: SELECT DISTINCT m.perm_code FROM sys_menu m INNER JOIN sys_role_menu rm ON m.id = rm.menu_id INNER JOIN sys_user_role ur ON rm.role_id = ur.role_id WHERE ur.user_id = ? AND m.perm_code IS NOT NULL AND m.perm_code != ''
==> Parameters: 1(Long)
<==    Columns: perm_code
<==        Row: system:user:list
<==        Row: system:user:add
<==        Row: system:user:edit
<==        Row: system:user:delete
<==        Row: system:role:list
<==        Row: system:role:add
<==        Row: system:role:edit
<==        Row: system:role:delete
<==        Row: system:menu:list
<==        Row: system:menu:add
<==        Row: system:menu:edit
<==        Row: system:menu:delete
<==        Row: job:job:list
<==        Row: job:job:add
<==        Row: job:job:edit
<==        Row: job:job:delete
<==        Row: job:job:publish
<==        Row: job:job:close
<==        Row: resume:resume:list
<==        Row: resume:resume:add
<==        Row: resume:resume:edit
<==        Row: resume:resume:delete
<==        Row: resume:resume:export
<==        Row: match:match:execute
<==        Row: match:config:view
<==        Row: match:config:edit
<==        Row: application:list
<==        Row: application:add
<==        Row: application:edit
<==        Row: interview:list
<==        Row: interview:add
<==        Row: interview:edit
<==        Row: stats:dashboard:view
<==        Row: stats:report:view
<==        Row: stats:report:export
<==      Total: 35
Closing non transactional SqlSession [org.apache.ibatis.session.defaults.DefaultSqlSession@786f7cf0]
Creating a new SqlSession
SqlSession [org.apache.ibatis.session.defaults.DefaultSqlSession@4ec80e9a] was not registered for synchronization because synchronization is not active
JDBC Connection [com.alibaba.druid.pool.DruidStatementConnection@3515cda0] will not be managed by Spring
==>  Preparing: SELECT * FROM sys_user WHERE username = ? AND deleted = 0
==> Parameters: admin(String)
<==    Columns: id, username, real_name, phone, password, status, error_count, locked_until, deleted, created_time, updated_time
<==        Row: 1, admin, System Admin, 13800000000, $2a$10$CHHVPySZmO5DsDtGjAXwXugfDw4hPiI4HiOGoc8MSuyJqVM1e000q, 1, 0, null, 0, 2026-05-27 14:37:46, 2026-05-27 14:37:46
<==      Total: 1
Closing non transactional SqlSession [org.apache.ibatis.session.defaults.DefaultSqlSession@4ec80e9a]
Creating a new SqlSession
SqlSession [org.apache.ibatis.session.defaults.DefaultSqlSession@87d70b6] was not registered for synchronization because synchronization is not active
JDBC Connection [com.alibaba.druid.pool.DruidStatementConnection@3515cda0] will not be managed by Spring
==>  Preparing: SELECT DISTINCT m.perm_code FROM sys_menu m INNER JOIN sys_role_menu rm ON m.id = rm.menu_id INNER JOIN sys_user_role ur ON rm.role_id = ur.role_id WHERE ur.user_id = ? AND m.perm_code IS NOT NULL AND m.perm_code != ''
==> Parameters: 1(Long)
<==    Columns: perm_code
<==        Row: system:user:list
<==        Row: system:user:add
<==        Row: system:user:edit
<==        Row: system:user:delete
<==        Row: system:role:list
<==        Row: system:role:add
<==        Row: system:role:edit
<==        Row: system:role:delete
<==        Row: system:menu:list
<==        Row: system:menu:add
<==        Row: system:menu:edit
<==        Row: system:menu:delete
<==        Row: job:job:list
<==        Row: job:job:add
<==        Row: job:job:edit
<==        Row: job:job:delete
<==        Row: job:job:publish
<==        Row: job:job:close
<==        Row: resume:resume:list
<==        Row: resume:resume:add
<==        Row: resume:resume:edit
<==        Row: resume:resume:delete
<==        Row: resume:resume:export
<==        Row: match:match:execute
<==        Row: match:config:view
<==        Row: match:config:edit
<==        Row: application:list
<==        Row: application:add
<==        Row: application:edit
<==        Row: interview:list
<==        Row: interview:add
<==        Row: interview:edit
<==        Row: stats:dashboard:view
<==        Row: stats:report:view
<==        Row: stats:report:export
<==      Total: 35
Closing non transactional SqlSession [org.apache.ibatis.session.defaults.DefaultSqlSession@87d70b6]
Creating a new SqlSession
SqlSession [org.apache.ibatis.session.defaults.DefaultSqlSession@68e8bf57] was not registered for synchronization because synchronization is not active
JDBC Connection [com.alibaba.druid.pool.DruidStatementConnection@3515cda0] will not be managed by Spring
==>  Preparing: SELECT * FROM sys_user WHERE username = ? AND deleted = 0
==> Parameters: admin(String)
<==    Columns: id, username, real_name, phone, password, status, error_count, locked_until, deleted, created_time, updated_time
<==        Row: 1, admin, System Admin, 13800000000, $2a$10$CHHVPySZmO5DsDtGjAXwXugfDw4hPiI4HiOGoc8MSuyJqVM1e000q, 1, 0, null, 0, 2026-05-27 14:37:46, 2026-05-27 14:37:46
<==      Total: 1
Closing non transactional SqlSession [org.apache.ibatis.session.defaults.DefaultSqlSession@68e8bf57]
Creating a new SqlSession
SqlSession [org.apache.ibatis.session.defaults.DefaultSqlSession@28f9bcd4] was not registered for synchronization because synchronization is not active
JDBC Connection [com.alibaba.druid.pool.DruidStatementConnection@3515cda0] will not be managed by Spring
==>  Preparing: SELECT DISTINCT m.perm_code FROM sys_menu m INNER JOIN sys_role_menu rm ON m.id = rm.menu_id INNER JOIN sys_user_role ur ON rm.role_id = ur.role_id WHERE ur.user_id = ? AND m.perm_code IS NOT NULL AND m.perm_code != ''
==> Parameters: 1(Long)
<==    Columns: perm_code
<==        Row: system:user:list
<==        Row: system:user:add
<==        Row: system:user:edit
<==        Row: system:user:delete
<==        Row: system:role:list
<==        Row: system:role:add
<==        Row: system:role:edit
<==        Row: system:role:delete
<==        Row: system:menu:list
<==        Row: system:menu:add
<==        Row: system:menu:edit
<==        Row: system:menu:delete
<==        Row: job:job:list
<==        Row: job:job:add
<==        Row: job:job:edit
<==        Row: job:job:delete
<==        Row: job:job:publish
<==        Row: job:job:close
<==        Row: resume:resume:list
<==        Row: resume:resume:add
<==        Row: resume:resume:edit
<==        Row: resume:resume:delete
<==        Row: resume:resume:export
<==        Row: match:match:execute
<==        Row: match:config:view
<==        Row: match:config:edit
<==        Row: application:list
<==        Row: application:add
<==        Row: application:edit
<==        Row: interview:list
<==        Row: interview:add
<==        Row: interview:edit
<==        Row: stats:dashboard:view
<==        Row: stats:report:view
<==        Row: stats:report:export
<==      Total: 35
Closing non transactional SqlSession [org.apache.ibatis.session.defaults.DefaultSqlSession@28f9bcd4]
Creating a new SqlSession
SqlSession [org.apache.ibatis.session.defaults.DefaultSqlSession@567dca5a] was not registered for synchronization because synchronization is not active
JDBC Connection [com.alibaba.druid.pool.DruidStatementConnection@3515cda0] will not be managed by Spring
==>  Preparing: SELECT * FROM sys_user WHERE username = ? AND deleted = 0
==> Parameters: admin(String)
<==    Columns: id, username, real_name, phone, password, status, error_count, locked_until, deleted, created_time, updated_time
<==        Row: 1, admin, System Admin, 13800000000, $2a$10$CHHVPySZmO5DsDtGjAXwXugfDw4hPiI4HiOGoc8MSuyJqVM1e000q, 1, 0, null, 0, 2026-05-27 14:37:46, 2026-05-27 14:37:46
<==      Total: 1
Closing non transactional SqlSession [org.apache.ibatis.session.defaults.DefaultSqlSession@567dca5a]
Creating a new SqlSession
SqlSession [org.apache.ibatis.session.defaults.DefaultSqlSession@72e98336] was not registered for synchronization because synchronization is not active
JDBC Connection [com.alibaba.druid.pool.DruidStatementConnection@3515cda0] will not be managed by Spring
==>  Preparing: SELECT DISTINCT m.perm_code FROM sys_menu m INNER JOIN sys_role_menu rm ON m.id = rm.menu_id INNER JOIN sys_user_role ur ON rm.role_id = ur.role_id WHERE ur.user_id = ? AND m.perm_code IS NOT NULL AND m.perm_code != ''
==> Parameters: 1(Long)
<==    Columns: perm_code
<==        Row: system:user:list
<==        Row: system:user:add
<==        Row: system:user:edit
<==        Row: system:user:delete
<==        Row: system:role:list
<==        Row: system:role:add
<==        Row: system:role:edit
<==        Row: system:role:delete
<==        Row: system:menu:list
<==        Row: system:menu:add
<==        Row: system:menu:edit
<==        Row: system:menu:delete
<==        Row: job:job:list
<==        Row: job:job:add
<==        Row: job:job:edit
<==        Row: job:job:delete
<==        Row: job:job:publish
<==        Row: job:job:close
<==        Row: resume:resume:list
<==        Row: resume:resume:add
<==        Row: resume:resume:edit
<==        Row: resume:resume:delete
<==        Row: resume:resume:export
<==        Row: match:match:execute
<==        Row: match:config:view
<==        Row: match:config:edit
<==        Row: application:list
<==        Row: application:add
<==        Row: application:edit
<==        Row: interview:list
<==        Row: interview:add
<==        Row: interview:edit
<==        Row: stats:dashboard:view
<==        Row: stats:report:view
<==        Row: stats:report:export
<==      Total: 35
Closing non transactional SqlSession [org.apache.ibatis.session.defaults.DefaultSqlSession@72e98336]
Creating a new SqlSession
SqlSession [org.apache.ibatis.session.defaults.DefaultSqlSession@477d712d] was not registered for synchronization because synchronization is not active
JDBC Connection [com.alibaba.druid.pool.DruidStatementConnection@3515cda0] will not be managed by Spring
==>  Preparing: SELECT * FROM sys_user WHERE id = ? AND deleted = 0
==> Parameters: 1(Long)
<==    Columns: id, username, real_name, phone, password, status, error_count, locked_until, deleted, created_time, updated_time
<==        Row: 1, admin, System Admin, 13800000000, $2a$10$CHHVPySZmO5DsDtGjAXwXugfDw4hPiI4HiOGoc8MSuyJqVM1e000q, 1, 0, null, 0, 2026-05-27 14:37:46, 2026-05-27 14:37:46
<==      Total: 1
Closing non transactional SqlSession [org.apache.ibatis.session.defaults.DefaultSqlSession@477d712d]
Creating a new SqlSession
SqlSession [org.apache.ibatis.session.defaults.DefaultSqlSession@6dbd53a5] was not registered for synchronization because synchronization is not active
JDBC Connection [com.alibaba.druid.pool.DruidStatementConnection@3515cda0] will not be managed by Spring
==>  Preparing: SELECT * FROM sys_user WHERE username = ? AND deleted = 0
==> Parameters: admin(String)
<==    Columns: id, username, real_name, phone, password, status, error_count, locked_until, deleted, created_time, updated_time
<==        Row: 1, admin, System Admin, 13800000000, $2a$10$CHHVPySZmO5DsDtGjAXwXugfDw4hPiI4HiOGoc8MSuyJqVM1e000q, 1, 0, null, 0, 2026-05-27 14:37:46, 2026-05-27 14:37:46
<==      Total: 1
Closing non transactional SqlSession [org.apache.ibatis.session.defaults.DefaultSqlSession@6dbd53a5]
Creating a new SqlSession
SqlSession [org.apache.ibatis.session.defaults.DefaultSqlSession@4b61c414] was not registered for synchronization because synchronization is not active
JDBC Connection [com.alibaba.druid.pool.DruidStatementConnection@3515cda0] will not be managed by Spring
==>  Preparing: SELECT DISTINCT m.perm_code FROM sys_menu m INNER JOIN sys_role_menu rm ON m.id = rm.menu_id INNER JOIN sys_user_role ur ON rm.role_id = ur.role_id WHERE ur.user_id = ? AND m.perm_code IS NOT NULL AND m.perm_code != ''
==> Parameters: 1(Long)
<==    Columns: perm_code
<==        Row: system:user:list
<==        Row: system:user:add
<==        Row: system:user:edit
<==        Row: system:user:delete
<==        Row: system:role:list
<==        Row: system:role:add
<==        Row: system:role:edit
<==        Row: system:role:delete
<==        Row: system:menu:list
<==        Row: system:menu:add
<==        Row: system:menu:edit
<==        Row: system:menu:delete
<==        Row: job:job:list
<==        Row: job:job:add
<==        Row: job:job:edit
<==        Row: job:job:delete
<==        Row: job:job:publish
<==        Row: job:job:close
<==        Row: resume:resume:list
<==        Row: resume:resume:add
<==        Row: resume:resume:edit
<==        Row: resume:resume:delete
<==        Row: resume:resume:export
<==        Row: match:match:execute
<==        Row: match:config:view
<==        Row: match:config:edit
<==        Row: application:list
<==        Row: application:add
<==        Row: application:edit
<==        Row: interview:list
<==        Row: interview:add
<==        Row: interview:edit
<==        Row: stats:dashboard:view
<==        Row: stats:report:view
<==        Row: stats:report:export
<==      Total: 35
Closing non transactional SqlSession [org.apache.ibatis.session.defaults.DefaultSqlSession@4b61c414]
Creating a new SqlSession
SqlSession [org.apache.ibatis.session.defaults.DefaultSqlSession@6d45fc5f] was not registered for synchronization because synchronization is not active
JDBC Connection [com.alibaba.druid.pool.DruidStatementConnection@3515cda0] will not be managed by Spring
==>  Preparing: SELECT DISTINCT m.* FROM sys_menu m INNER JOIN sys_role_menu rm ON m.id = rm.menu_id INNER JOIN sys_user_role ur ON rm.role_id = ur.role_id WHERE ur.user_id = ? ORDER BY m.parent_id, m.sort
==> Parameters: 1(Long)
<==    Columns: id, parent_id, menu_type, menu_name, path, perm_code, icon, sort
<==        Row: 1, 0, 0, System, /system, null, setting, 1
<==        Row: 2, 0, 0, Jobs, /jobs, null, briefcase, 2
<==        Row: 3, 0, 0, Resumes, /resumes, null, file, 3
<==        Row: 4, 0, 0, Match, /match, null, search, 4
<==        Row: 5, 0, 0, Recruitment Flow, /flow, null, flow, 5
<==        Row: 6, 0, 0, Reports, /stats, null, bar-chart, 6
<==        Row: 11, 1, 1, Users, /system/users, null, user, 1
<==        Row: 12, 1, 1, Roles, /system/roles, null, team, 2
<==        Row: 13, 1, 1, Menus, /system/menus, null, menu, 3
<==        Row: 21, 2, 1, Job Management, /jobs/list, null, briefcase, 1
<==        Row: 31, 3, 1, Resume Management, /resumes/list, null, file, 1
<==        Row: 41, 4, 1, Match Management, /match/list, null, search, 1
<==        Row: 51, 5, 1, Applications, /applications, null, ordered-list, 1
<==        Row: 52, 5, 1, Interviews, /interviews, null, calendar, 2
<==        Row: 61, 6, 1, Dashboard, /stats/dashboard, null, dashboard, 1
<==        Row: 62, 6, 1, Source Report, /stats/source, null, pie-chart, 2
<==        Row: 1101, 11, 2, User List, null, system:user:list, null, 1
<==        Row: 1102, 11, 2, User Add, null, system:user:add, null, 2
<==        Row: 1103, 11, 2, User Edit, null, system:user:edit, null, 3
<==        Row: 1104, 11, 2, User Delete, null, system:user:delete, null, 4
<==        Row: 1201, 12, 2, Role List, null, system:role:list, null, 1
<==        Row: 1202, 12, 2, Role Add, null, system:role:add, null, 2
<==        Row: 1203, 12, 2, Role Edit, null, system:role:edit, null, 3
<==        Row: 1204, 12, 2, Role Delete, null, system:role:delete, null, 4
<==        Row: 1301, 13, 2, Menu List, null, system:menu:list, null, 1
<==        Row: 1302, 13, 2, Menu Add, null, system:menu:add, null, 2
<==        Row: 1303, 13, 2, Menu Edit, null, system:menu:edit, null, 3
<==        Row: 1304, 13, 2, Menu Delete, null, system:menu:delete, null, 4
<==        Row: 2101, 21, 2, Job List, null, job:job:list, null, 1
<==        Row: 2102, 21, 2, Job Add, null, job:job:add, null, 2
<==        Row: 2103, 21, 2, Job Edit, null, job:job:edit, null, 3
<==        Row: 2104, 21, 2, Job Delete, null, job:job:delete, null, 4
<==        Row: 2105, 21, 2, Job Publish, null, job:job:publish, null, 5
<==        Row: 2106, 21, 2, Job Close, null, job:job:close, null, 6
<==        Row: 3101, 31, 2, Resume List, null, resume:resume:list, null, 1
<==        Row: 3102, 31, 2, Resume Add, null, resume:resume:add, null, 2
<==        Row: 3103, 31, 2, Resume Edit, null, resume:resume:edit, null, 3
<==        Row: 3104, 31, 2, Resume Delete, null, resume:resume:delete, null, 4
<==        Row: 3105, 31, 2, Resume Export, null, resume:resume:export, null, 5
<==        Row: 4101, 41, 2, Match Execute, null, match:match:execute, null, 1
<==        Row: 4102, 41, 2, Match Config View, null, match:config:view, null, 2
<==        Row: 4103, 41, 2, Match Config Edit, null, match:config:edit, null, 3
<==        Row: 5101, 51, 2, Application List, null, application:list, null, 1
<==        Row: 5102, 51, 2, Application Add, null, application:add, null, 2
<==        Row: 5103, 51, 2, Application Edit, null, application:edit, null, 3
<==        Row: 5201, 52, 2, Interview List, null, interview:list, null, 1
<==        Row: 5202, 52, 2, Interview Add, null, interview:add, null, 2
<==        Row: 5203, 52, 2, Interview Edit, null, interview:edit, null, 3
<==        Row: 6101, 61, 2, Dashboard View, null, stats:dashboard:view, null, 1
<==        Row: 6201, 62, 2, Source Report View, null, stats:report:view, null, 1
<==        Row: 6202, 62, 2, Source Report Export, null, stats:report:export, null, 2
<==      Total: 51
Closing non transactional SqlSession [org.apache.ibatis.session.defaults.DefaultSqlSession@6d45fc5f]
2026-05-27T16:49:44.817+08:00  INFO 68081 --- [angu-resume-job-matcher] [io-19915-exec-2] o.springdoc.api.AbstractOpenApiResource  : Init duration for springdoc-openapi is: 946 ms
Creating a new SqlSession
SqlSession [org.apache.ibatis.session.defaults.DefaultSqlSession@ade1d4c] was not registered for synchronization because synchronization is not active
JDBC Connection [com.alibaba.druid.pool.DruidStatementConnection@3515cda0] will not be managed by Spring
==>  Preparing: SELECT * FROM sys_user WHERE username = ? AND deleted = 0
==> Parameters: admin(String)
<==    Columns: id, username, real_name, phone, password, status, error_count, locked_until, deleted, created_time, updated_time
<==        Row: 1, admin, System Admin, 13800000000, $2a$10$CHHVPySZmO5DsDtGjAXwXugfDw4hPiI4HiOGoc8MSuyJqVM1e000q, 1, 0, null, 0, 2026-05-27 14:37:46, 2026-05-27 14:37:46
<==      Total: 1
Closing non transactional SqlSession [org.apache.ibatis.session.defaults.DefaultSqlSession@ade1d4c]
Creating a new SqlSession
SqlSession [org.apache.ibatis.session.defaults.DefaultSqlSession@53ef58c2] was not registered for synchronization because synchronization is not active
JDBC Connection [com.alibaba.druid.pool.DruidStatementConnection@3515cda0] will not be managed by Spring
==>  Preparing: SELECT DISTINCT m.perm_code FROM sys_menu m INNER JOIN sys_role_menu rm ON m.id = rm.menu_id INNER JOIN sys_user_role ur ON rm.role_id = ur.role_id WHERE ur.user_id = ? AND m.perm_code IS NOT NULL AND m.perm_code != ''
==> Parameters: 1(Long)
<==    Columns: perm_code
<==        Row: system:user:list
<==        Row: system:user:add
<==        Row: system:user:edit
<==        Row: system:user:delete
<==        Row: system:role:list
<==        Row: system:role:add
<==        Row: system:role:edit
<==        Row: system:role:delete
<==        Row: system:menu:list
<==        Row: system:menu:add
<==        Row: system:menu:edit
<==        Row: system:menu:delete
<==        Row: job:job:list
<==        Row: job:job:add
<==        Row: job:job:edit
<==        Row: job:job:delete
<==        Row: job:job:publish
<==        Row: job:job:close
<==        Row: resume:resume:list
<==        Row: resume:resume:add
<==        Row: resume:resume:edit
<==        Row: resume:resume:delete
<==        Row: resume:resume:export
<==        Row: match:match:execute
<==        Row: match:config:view
<==        Row: match:config:edit
<==        Row: application:list
<==        Row: application:add
<==        Row: application:edit
<==        Row: interview:list
<==        Row: interview:add
<==        Row: interview:edit
<==        Row: stats:dashboard:view
<==        Row: stats:report:view
<==        Row: stats:report:export
<==      Total: 35
Closing non transactional SqlSession [org.apache.ibatis.session.defaults.DefaultSqlSession@53ef58c2]
Creating a new SqlSession
SqlSession [org.apache.ibatis.session.defaults.DefaultSqlSession@43cf5e78] was not registered for synchronization because synchronization is not active
JDBC Connection [com.alibaba.druid.pool.DruidStatementConnection@3515cda0] will not be managed by Spring
==>  Preparing: SELECT * FROM sys_user WHERE username = ? AND deleted = 0
==> Parameters: admin(String)
Creating a new SqlSession
<==    Columns: id, username, real_name, phone, password, status, error_count, locked_until, deleted, created_time, updated_time
SqlSession [org.apache.ibatis.session.defaults.DefaultSqlSession@38afc6a1] was not registered for synchronization because synchronization is not active
<==        Row: 1, admin, System Admin, 13800000000, $2a$10$CHHVPySZmO5DsDtGjAXwXugfDw4hPiI4HiOGoc8MSuyJqVM1e000q, 1, 0, null, 0, 2026-05-27 14:37:46, 2026-05-27 14:37:46
JDBC Connection [com.alibaba.druid.pool.DruidStatementConnection@519d8ae2] will not be managed by Spring
==>  Preparing: SELECT * FROM sys_user WHERE username = ? AND deleted = 0
==> Parameters: admin(String)
<==      Total: 1
Closing non transactional SqlSession [org.apache.ibatis.session.defaults.DefaultSqlSession@43cf5e78]
Creating a new SqlSession
SqlSession [org.apache.ibatis.session.defaults.DefaultSqlSession@10f28a2d] was not registered for synchronization because synchronization is not active
JDBC Connection [com.alibaba.druid.pool.DruidStatementConnection@3515cda0] will not be managed by Spring
==>  Preparing: SELECT DISTINCT m.perm_code FROM sys_menu m INNER JOIN sys_role_menu rm ON m.id = rm.menu_id INNER JOIN sys_user_role ur ON rm.role_id = ur.role_id WHERE ur.user_id = ? AND m.perm_code IS NOT NULL AND m.perm_code != ''
==> Parameters: 1(Long)
<==    Columns: perm_code
<==        Row: system:user:list
<==    Columns: id, username, real_name, phone, password, status, error_count, locked_until, deleted, created_time, updated_time
<==        Row: 1, admin, System Admin, 13800000000, $2a$10$CHHVPySZmO5DsDtGjAXwXugfDw4hPiI4HiOGoc8MSuyJqVM1e000q, 1, 0, null, 0, 2026-05-27 14:37:46, 2026-05-27 14:37:46
<==        Row: system:user:add
<==        Row: system:user:edit
<==        Row: system:user:delete
<==        Row: system:role:list
<==        Row: system:role:add
<==        Row: system:role:edit
<==        Row: system:role:delete
<==        Row: system:menu:list
<==        Row: system:menu:add
<==        Row: system:menu:edit
<==        Row: system:menu:delete
<==        Row: job:job:list
<==        Row: job:job:add
<==        Row: job:job:edit
<==        Row: job:job:delete
<==      Total: 1
<==        Row: job:job:publish
<==        Row: job:job:close
<==        Row: resume:resume:list
<==        Row: resume:resume:add
<==        Row: resume:resume:edit
<==        Row: resume:resume:delete
<==        Row: resume:resume:export
<==        Row: match:match:execute
<==        Row: match:config:view
<==        Row: match:config:edit
<==        Row: application:list
<==        Row: application:add
<==        Row: application:edit
<==        Row: interview:list
<==        Row: interview:add
<==        Row: interview:edit
<==        Row: stats:dashboard:view
<==        Row: stats:report:view
<==        Row: stats:report:export
<==      Total: 35
Closing non transactional SqlSession [org.apache.ibatis.session.defaults.DefaultSqlSession@38afc6a1]
Creating a new SqlSession
Closing non transactional SqlSession [org.apache.ibatis.session.defaults.DefaultSqlSession@10f28a2d]
SqlSession [org.apache.ibatis.session.defaults.DefaultSqlSession@5e1493c9] was not registered for synchronization because synchronization is not active
JDBC Connection [com.alibaba.druid.pool.DruidStatementConnection@3515cda0] will not be managed by Spring
==>  Preparing: SELECT DISTINCT m.perm_code FROM sys_menu m INNER JOIN sys_role_menu rm ON m.id = rm.menu_id INNER JOIN sys_user_role ur ON rm.role_id = ur.role_id WHERE ur.user_id = ? AND m.perm_code IS NOT NULL AND m.perm_code != ''
Creating a new SqlSession
SqlSession [org.apache.ibatis.session.defaults.DefaultSqlSession@6c6e81bf] was not registered for synchronization because synchronization is not active
JDBC Connection [com.alibaba.druid.pool.DruidStatementConnection@519d8ae2] will not be managed by Spring
==>  Preparing: SELECT * FROM sys_user WHERE id = ? AND deleted = 0
==> Parameters: 1(Long)
==> Parameters: 1(Long)
<==    Columns: id, username, real_name, phone, password, status, error_count, locked_until, deleted, created_time, updated_time
<==    Columns: perm_code
<==        Row: system:user:list
<==        Row: system:user:add
<==        Row: system:user:edit
<==        Row: system:user:delete
<==        Row: system:role:list
<==        Row: system:role:add
<==        Row: system:role:edit
<==        Row: system:role:delete
<==        Row: system:menu:list
<==        Row: system:menu:add
<==        Row: system:menu:edit
<==        Row: system:menu:delete
<==        Row: job:job:list
<==        Row: job:job:add
<==        Row: job:job:edit
<==        Row: job:job:delete
<==        Row: job:job:publish
<==        Row: job:job:close
<==        Row: resume:resume:list
<==        Row: resume:resume:add
<==        Row: resume:resume:edit
<==        Row: resume:resume:delete
<==        Row: resume:resume:export
<==        Row: match:match:execute
<==        Row: match:config:view
<==        Row: match:config:edit
<==        Row: application:list
<==        Row: application:add
<==        Row: application:edit
<==        Row: interview:list
<==        Row: interview:add
<==        Row: interview:edit
<==        Row: stats:dashboard:view
<==        Row: stats:report:view
<==        Row: stats:report:export
<==      Total: 35
<==        Row: 1, admin, System Admin, 13800000000, $2a$10$CHHVPySZmO5DsDtGjAXwXugfDw4hPiI4HiOGoc8MSuyJqVM1e000q, 1, 0, null, 0, 2026-05-27 14:37:46, 2026-05-27 14:37:46
Closing non transactional SqlSession [org.apache.ibatis.session.defaults.DefaultSqlSession@5e1493c9]
<==      Total: 1
Closing non transactional SqlSession [org.apache.ibatis.session.defaults.DefaultSqlSession@6c6e81bf]
Creating a new SqlSession
SqlSession [org.apache.ibatis.session.defaults.DefaultSqlSession@47045688] was not registered for synchronization because synchronization is not active
JDBC Connection [com.alibaba.druid.pool.DruidStatementConnection@519d8ae2] will not be managed by Spring
==>  Preparing: SELECT DISTINCT m.* FROM sys_menu m INNER JOIN sys_role_menu rm ON m.id = rm.menu_id INNER JOIN sys_user_role ur ON rm.role_id = ur.role_id WHERE ur.user_id = ? ORDER BY m.parent_id, m.sort
==> Parameters: 1(Long)
<==    Columns: id, parent_id, menu_type, menu_name, path, perm_code, icon, sort
<==        Row: 1, 0, 0, System, /system, null, setting, 1
<==        Row: 2, 0, 0, Jobs, /jobs, null, briefcase, 2
<==        Row: 3, 0, 0, Resumes, /resumes, null, file, 3
<==        Row: 4, 0, 0, Match, /match, null, search, 4
<==        Row: 5, 0, 0, Recruitment Flow, /flow, null, flow, 5
<==        Row: 6, 0, 0, Reports, /stats, null, bar-chart, 6
<==        Row: 11, 1, 1, Users, /system/users, null, user, 1
<==        Row: 12, 1, 1, Roles, /system/roles, null, team, 2
<==        Row: 13, 1, 1, Menus, /system/menus, null, menu, 3
<==        Row: 21, 2, 1, Job Management, /jobs/list, null, briefcase, 1
<==        Row: 31, 3, 1, Resume Management, /resumes/list, null, file, 1
<==        Row: 41, 4, 1, Match Management, /match/list, null, search, 1
<==        Row: 51, 5, 1, Applications, /applications, null, ordered-list, 1
<==        Row: 52, 5, 1, Interviews, /interviews, null, calendar, 2
<==        Row: 61, 6, 1, Dashboard, /stats/dashboard, null, dashboard, 1
<==        Row: 62, 6, 1, Source Report, /stats/source, null, pie-chart, 2
<==        Row: 1101, 11, 2, User List, null, system:user:list, null, 1
<==        Row: 1102, 11, 2, User Add, null, system:user:add, null, 2
<==        Row: 1103, 11, 2, User Edit, null, system:user:edit, null, 3
<==        Row: 1104, 11, 2, User Delete, null, system:user:delete, null, 4
<==        Row: 1201, 12, 2, Role List, null, system:role:list, null, 1
<==        Row: 1202, 12, 2, Role Add, null, system:role:add, null, 2
<==        Row: 1203, 12, 2, Role Edit, null, system:role:edit, null, 3
<==        Row: 1204, 12, 2, Role Delete, null, system:role:delete, null, 4
<==        Row: 1301, 13, 2, Menu List, null, system:menu:list, null, 1
<==        Row: 1302, 13, 2, Menu Add, null, system:menu:add, null, 2
<==        Row: 1303, 13, 2, Menu Edit, null, system:menu:edit, null, 3
<==        Row: 1304, 13, 2, Menu Delete, null, system:menu:delete, null, 4
<==        Row: 2101, 21, 2, Job List, null, job:job:list, null, 1
<==        Row: 2102, 21, 2, Job Add, null, job:job:add, null, 2
<==        Row: 2103, 21, 2, Job Edit, null, job:job:edit, null, 3
<==        Row: 2104, 21, 2, Job Delete, null, job:job:delete, null, 4
<==        Row: 2105, 21, 2, Job Publish, null, job:job:publish, null, 5
<==        Row: 2106, 21, 2, Job Close, null, job:job:close, null, 6
<==        Row: 3101, 31, 2, Resume List, null, resume:resume:list, null, 1
<==        Row: 3102, 31, 2, Resume Add, null, resume:resume:add, null, 2
<==        Row: 3103, 31, 2, Resume Edit, null, resume:resume:edit, null, 3
<==        Row: 3104, 31, 2, Resume Delete, null, resume:resume:delete, null, 4
<==        Row: 3105, 31, 2, Resume Export, null, resume:resume:export, null, 5
<==        Row: 4101, 41, 2, Match Execute, null, match:match:execute, null, 1
<==        Row: 4102, 41, 2, Match Config View, null, match:config:view, null, 2
<==        Row: 4103, 41, 2, Match Config Edit, null, match:config:edit, null, 3
<==        Row: 5101, 51, 2, Application List, null, application:list, null, 1
<==        Row: 5102, 51, 2, Application Add, null, application:add, null, 2
<==        Row: 5103, 51, 2, Application Edit, null, application:edit, null, 3
<==        Row: 5201, 52, 2, Interview List, null, interview:list, null, 1
<==        Row: 5202, 52, 2, Interview Add, null, interview:add, null, 2
<==        Row: 5203, 52, 2, Interview Edit, null, interview:edit, null, 3
<==        Row: 6101, 61, 2, Dashboard View, null, stats:dashboard:view, null, 1
<==        Row: 6201, 62, 2, Source Report View, null, stats:report:view, null, 1
<==        Row: 6202, 62, 2, Source Report Export, null, stats:report:export, null, 2
<==      Total: 51
Closing non transactional SqlSession [org.apache.ibatis.session.defaults.DefaultSqlSession@47045688]
Creating a new SqlSession
SqlSession [org.apache.ibatis.session.defaults.DefaultSqlSession@37b4130d] was not registered for synchronization because synchronization is not active
JDBC Connection [com.alibaba.druid.pool.DruidStatementConnection@519d8ae2] will not be managed by Spring
==>  Preparing: SELECT * FROM sys_user WHERE username = ? AND deleted = 0
==> Parameters: admin(String)
<==    Columns: id, username, real_name, phone, password, status, error_count, locked_until, deleted, created_time, updated_time
<==        Row: 1, admin, System Admin, 13800000000, $2a$10$CHHVPySZmO5DsDtGjAXwXugfDw4hPiI4HiOGoc8MSuyJqVM1e000q, 1, 0, null, 0, 2026-05-27 14:37:46, 2026-05-27 14:37:46
<==      Total: 1
Closing non transactional SqlSession [org.apache.ibatis.session.defaults.DefaultSqlSession@37b4130d]
Creating a new SqlSession
SqlSession [org.apache.ibatis.session.defaults.DefaultSqlSession@3fca8c79] was not registered for synchronization because synchronization is not active
JDBC Connection [com.alibaba.druid.pool.DruidStatementConnection@519d8ae2] will not be managed by Spring
==>  Preparing: SELECT DISTINCT m.perm_code FROM sys_menu m INNER JOIN sys_role_menu rm ON m.id = rm.menu_id INNER JOIN sys_user_role ur ON rm.role_id = ur.role_id WHERE ur.user_id = ? AND m.perm_code IS NOT NULL AND m.perm_code != ''
==> Parameters: 1(Long)
<==    Columns: perm_code
<==        Row: system:user:list
<==        Row: system:user:add
<==        Row: system:user:edit
<==        Row: system:user:delete
<==        Row: system:role:list
<==        Row: system:role:add
<==        Row: system:role:edit
<==        Row: system:role:delete
<==        Row: system:menu:list
<==        Row: system:menu:add
<==        Row: system:menu:edit
<==        Row: system:menu:delete
<==        Row: job:job:list
<==        Row: job:job:add
<==        Row: job:job:edit
<==        Row: job:job:delete
<==        Row: job:job:publish
<==        Row: job:job:close
<==        Row: resume:resume:list
<==        Row: resume:resume:add
<==        Row: resume:resume:edit
<==        Row: resume:resume:delete
<==        Row: resume:resume:export
<==        Row: match:match:execute
<==        Row: match:config:view
<==        Row: match:config:edit
<==        Row: application:list
<==        Row: application:add
<==        Row: application:edit
<==        Row: interview:list
<==        Row: interview:add
<==        Row: interview:edit
<==        Row: stats:dashboard:view
<==        Row: stats:report:view
<==        Row: stats:report:export
<==      Total: 35
Closing non transactional SqlSession [org.apache.ibatis.session.defaults.DefaultSqlSession@3fca8c79]
Creating a new SqlSession
SqlSession [org.apache.ibatis.session.defaults.DefaultSqlSession@4b982b54] was not registered for synchronization because synchronization is not active
JDBC Connection [com.alibaba.druid.pool.DruidStatementConnection@519d8ae2] will not be managed by Spring
==>  Preparing: SELECT * FROM sys_user WHERE username = ? AND deleted = 0
==> Parameters: admin(String)
<==    Columns: id, username, real_name, phone, password, status, error_count, locked_until, deleted, created_time, updated_time
<==        Row: 1, admin, System Admin, 13800000000, $2a$10$CHHVPySZmO5DsDtGjAXwXugfDw4hPiI4HiOGoc8MSuyJqVM1e000q, 1, 0, null, 0, 2026-05-27 14:37:46, 2026-05-27 14:37:46
<==      Total: 1
Closing non transactional SqlSession [org.apache.ibatis.session.defaults.DefaultSqlSession@4b982b54]
Creating a new SqlSession
SqlSession [org.apache.ibatis.session.defaults.DefaultSqlSession@5870f6e0] was not registered for synchronization because synchronization is not active
JDBC Connection [com.alibaba.druid.pool.DruidStatementConnection@519d8ae2] will not be managed by Spring
==>  Preparing: SELECT DISTINCT m.perm_code FROM sys_menu m INNER JOIN sys_role_menu rm ON m.id = rm.menu_id INNER JOIN sys_user_role ur ON rm.role_id = ur.role_id WHERE ur.user_id = ? AND m.perm_code IS NOT NULL AND m.perm_code != ''
==> Parameters: 1(Long)
<==    Columns: perm_code
<==        Row: system:user:list
<==        Row: system:user:add
<==        Row: system:user:edit
<==        Row: system:user:delete
<==        Row: system:role:list
<==        Row: system:role:add
<==        Row: system:role:edit
<==        Row: system:role:delete
<==        Row: system:menu:list
<==        Row: system:menu:add
<==        Row: system:menu:edit
<==        Row: system:menu:delete
<==        Row: job:job:list
<==        Row: job:job:add
<==        Row: job:job:edit
<==        Row: job:job:delete
<==        Row: job:job:publish
<==        Row: job:job:close
<==        Row: resume:resume:list
<==        Row: resume:resume:add
<==        Row: resume:resume:edit
<==        Row: resume:resume:delete
<==        Row: resume:resume:export
<==        Row: match:match:execute
<==        Row: match:config:view
<==        Row: match:config:edit
<==        Row: application:list
<==        Row: application:add
<==        Row: application:edit
<==        Row: interview:list
<==        Row: interview:add
<==        Row: interview:edit
<==        Row: stats:dashboard:view
<==        Row: stats:report:view
<==        Row: stats:report:export
<==      Total: 35
Closing non transactional SqlSession [org.apache.ibatis.session.defaults.DefaultSqlSession@5870f6e0]
Creating a new SqlSession
Creating a new SqlSession
SqlSession [org.apache.ibatis.session.defaults.DefaultSqlSession@1743297c] was not registered for synchronization because synchronization is not active
SqlSession [org.apache.ibatis.session.defaults.DefaultSqlSession@669226cd] was not registered for synchronization because synchronization is not active
JDBC Connection [com.alibaba.druid.pool.DruidStatementConnection@519d8ae2] will not be managed by Spring
==>  Preparing: SELECT * FROM sys_user WHERE username = ? AND deleted = 0
==> Parameters: admin(String)
JDBC Connection [com.alibaba.druid.pool.DruidStatementConnection@3515cda0] will not be managed by Spring
==>  Preparing: SELECT * FROM sys_user WHERE username = ? AND deleted = 0
==> Parameters: admin(String)
<==    Columns: id, username, real_name, phone, password, status, error_count, locked_until, deleted, created_time, updated_time
<==        Row: 1, admin, System Admin, 13800000000, $2a$10$CHHVPySZmO5DsDtGjAXwXugfDw4hPiI4HiOGoc8MSuyJqVM1e000q, 1, 0, null, 0, 2026-05-27 14:37:46, 2026-05-27 14:37:46
<==    Columns: id, username, real_name, phone, password, status, error_count, locked_until, deleted, created_time, updated_time
<==        Row: 1, admin, System Admin, 13800000000, $2a$10$CHHVPySZmO5DsDtGjAXwXugfDw4hPiI4HiOGoc8MSuyJqVM1e000q, 1, 0, null, 0, 2026-05-27 14:37:46, 2026-05-27 14:37:46
<==      Total: 1
Closing non transactional SqlSession [org.apache.ibatis.session.defaults.DefaultSqlSession@1743297c]
Creating a new SqlSession
SqlSession [org.apache.ibatis.session.defaults.DefaultSqlSession@337b0a19] was not registered for synchronization because synchronization is not active
<==      Total: 1
Closing non transactional SqlSession [org.apache.ibatis.session.defaults.DefaultSqlSession@669226cd]
Creating a new SqlSession
SqlSession [org.apache.ibatis.session.defaults.DefaultSqlSession@477aa7c8] was not registered for synchronization because synchronization is not active
JDBC Connection [com.alibaba.druid.pool.DruidStatementConnection@3515cda0] will not be managed by Spring
==>  Preparing: SELECT DISTINCT m.perm_code FROM sys_menu m INNER JOIN sys_role_menu rm ON m.id = rm.menu_id INNER JOIN sys_user_role ur ON rm.role_id = ur.role_id WHERE ur.user_id = ? AND m.perm_code IS NOT NULL AND m.perm_code != ''
==> Parameters: 1(Long)
<==    Columns: perm_code
<==        Row: system:user:list
<==        Row: system:user:add
<==        Row: system:user:edit
<==        Row: system:user:delete
<==        Row: system:role:list
<==        Row: system:role:add
<==        Row: system:role:edit
<==        Row: system:role:delete
<==        Row: system:menu:list
<==        Row: system:menu:add
<==        Row: system:menu:edit
<==        Row: system:menu:delete
<==        Row: job:job:list
<==        Row: job:job:add
<==        Row: job:job:edit
<==        Row: job:job:delete
<==        Row: job:job:publish
<==        Row: job:job:close
<==        Row: resume:resume:list
<==        Row: resume:resume:add
<==        Row: resume:resume:edit
<==        Row: resume:resume:delete
<==        Row: resume:resume:export
<==        Row: match:match:execute
<==        Row: match:config:view
<==        Row: match:config:edit
<==        Row: application:list
<==        Row: application:add
<==        Row: application:edit
<==        Row: interview:list
<==        Row: interview:add
<==        Row: interview:edit
<==        Row: stats:dashboard:view
<==        Row: stats:report:view
<==        Row: stats:report:export
<==      Total: 35
Closing non transactional SqlSession [org.apache.ibatis.session.defaults.DefaultSqlSession@477aa7c8]
Creating a new SqlSession
JDBC Connection [com.alibaba.druid.pool.DruidStatementConnection@3515cda0] will not be managed by Spring
==>  Preparing: SELECT DISTINCT m.perm_code FROM sys_menu m INNER JOIN sys_role_menu rm ON m.id = rm.menu_id INNER JOIN sys_user_role ur ON rm.role_id = ur.role_id WHERE ur.user_id = ? AND m.perm_code IS NOT NULL AND m.perm_code != ''
==> Parameters: 1(Long)
SqlSession [org.apache.ibatis.session.defaults.DefaultSqlSession@c559576] was not registered for synchronization because synchronization is not active
JDBC Connection [com.alibaba.druid.pool.DruidStatementConnection@519d8ae2] will not be managed by Spring
==>  Preparing: SELECT * FROM sys_user WHERE id = ? AND deleted = 0
==> Parameters: 1(Long)
<==    Columns: id, username, real_name, phone, password, status, error_count, locked_until, deleted, created_time, updated_time
<==        Row: 1, admin, System Admin, 13800000000, $2a$10$CHHVPySZmO5DsDtGjAXwXugfDw4hPiI4HiOGoc8MSuyJqVM1e000q, 1, 0, null, 0, 2026-05-27 14:37:46, 2026-05-27 14:37:46
<==      Total: 1
Closing non transactional SqlSession [org.apache.ibatis.session.defaults.DefaultSqlSession@c559576]
<==    Columns: perm_code
<==        Row: system:user:list
<==        Row: system:user:add
<==        Row: system:user:edit
<==        Row: system:user:delete
<==        Row: system:role:list
<==        Row: system:role:add
<==        Row: system:role:edit
<==        Row: system:role:delete
<==        Row: system:menu:list
<==        Row: system:menu:add
<==        Row: system:menu:edit
<==        Row: system:menu:delete
<==        Row: job:job:list
<==        Row: job:job:add
<==        Row: job:job:edit
<==        Row: job:job:delete
<==        Row: job:job:publish
<==        Row: job:job:close
<==        Row: resume:resume:list
<==        Row: resume:resume:add
<==        Row: resume:resume:edit
<==        Row: resume:resume:delete
<==        Row: resume:resume:export
<==        Row: match:match:execute
<==        Row: match:config:view
<==        Row: match:config:edit
<==        Row: application:list
<==        Row: application:add
<==        Row: application:edit
<==        Row: interview:list
<==        Row: interview:add
<==        Row: interview:edit
<==        Row: stats:dashboard:view
<==        Row: stats:report:view
<==        Row: stats:report:export
<==      Total: 35
Closing non transactional SqlSession [org.apache.ibatis.session.defaults.DefaultSqlSession@337b0a19]
Creating a new SqlSession
SqlSession [org.apache.ibatis.session.defaults.DefaultSqlSession@7a908bcb] was not registered for synchronization because synchronization is not active
JDBC Connection [com.alibaba.druid.pool.DruidStatementConnection@3515cda0] will not be managed by Spring
==>  Preparing: SELECT DISTINCT m.* FROM sys_menu m INNER JOIN sys_role_menu rm ON m.id = rm.menu_id INNER JOIN sys_user_role ur ON rm.role_id = ur.role_id WHERE ur.user_id = ? ORDER BY m.parent_id, m.sort
==> Parameters: 1(Long)
<==    Columns: id, parent_id, menu_type, menu_name, path, perm_code, icon, sort
<==        Row: 1, 0, 0, System, /system, null, setting, 1
<==        Row: 2, 0, 0, Jobs, /jobs, null, briefcase, 2
<==        Row: 3, 0, 0, Resumes, /resumes, null, file, 3
<==        Row: 4, 0, 0, Match, /match, null, search, 4
<==        Row: 5, 0, 0, Recruitment Flow, /flow, null, flow, 5
<==        Row: 6, 0, 0, Reports, /stats, null, bar-chart, 6
<==        Row: 11, 1, 1, Users, /system/users, null, user, 1
<==        Row: 12, 1, 1, Roles, /system/roles, null, team, 2
<==        Row: 13, 1, 1, Menus, /system/menus, null, menu, 3
<==        Row: 21, 2, 1, Job Management, /jobs/list, null, briefcase, 1
<==        Row: 31, 3, 1, Resume Management, /resumes/list, null, file, 1
<==        Row: 41, 4, 1, Match Management, /match/list, null, search, 1
<==        Row: 51, 5, 1, Applications, /applications, null, ordered-list, 1
<==        Row: 52, 5, 1, Interviews, /interviews, null, calendar, 2
<==        Row: 61, 6, 1, Dashboard, /stats/dashboard, null, dashboard, 1
<==        Row: 62, 6, 1, Source Report, /stats/source, null, pie-chart, 2
<==        Row: 1101, 11, 2, User List, null, system:user:list, null, 1
<==        Row: 1102, 11, 2, User Add, null, system:user:add, null, 2
<==        Row: 1103, 11, 2, User Edit, null, system:user:edit, null, 3
<==        Row: 1104, 11, 2, User Delete, null, system:user:delete, null, 4
<==        Row: 1201, 12, 2, Role List, null, system:role:list, null, 1
<==        Row: 1202, 12, 2, Role Add, null, system:role:add, null, 2
<==        Row: 1203, 12, 2, Role Edit, null, system:role:edit, null, 3
<==        Row: 1204, 12, 2, Role Delete, null, system:role:delete, null, 4
<==        Row: 1301, 13, 2, Menu List, null, system:menu:list, null, 1
<==        Row: 1302, 13, 2, Menu Add, null, system:menu:add, null, 2
<==        Row: 1303, 13, 2, Menu Edit, null, system:menu:edit, null, 3
<==        Row: 1304, 13, 2, Menu Delete, null, system:menu:delete, null, 4
<==        Row: 2101, 21, 2, Job List, null, job:job:list, null, 1
<==        Row: 2102, 21, 2, Job Add, null, job:job:add, null, 2
<==        Row: 2103, 21, 2, Job Edit, null, job:job:edit, null, 3
<==        Row: 2104, 21, 2, Job Delete, null, job:job:delete, null, 4
<==        Row: 2105, 21, 2, Job Publish, null, job:job:publish, null, 5
<==        Row: 2106, 21, 2, Job Close, null, job:job:close, null, 6
<==        Row: 3101, 31, 2, Resume List, null, resume:resume:list, null, 1
<==        Row: 3102, 31, 2, Resume Add, null, resume:resume:add, null, 2
<==        Row: 3103, 31, 2, Resume Edit, null, resume:resume:edit, null, 3
<==        Row: 3104, 31, 2, Resume Delete, null, resume:resume:delete, null, 4
<==        Row: 3105, 31, 2, Resume Export, null, resume:resume:export, null, 5
<==        Row: 4101, 41, 2, Match Execute, null, match:match:execute, null, 1
<==        Row: 4102, 41, 2, Match Config View, null, match:config:view, null, 2
<==        Row: 4103, 41, 2, Match Config Edit, null, match:config:edit, null, 3
<==        Row: 5101, 51, 2, Application List, null, application:list, null, 1
<==        Row: 5102, 51, 2, Application Add, null, application:add, null, 2
<==        Row: 5103, 51, 2, Application Edit, null, application:edit, null, 3
<==        Row: 5201, 52, 2, Interview List, null, interview:list, null, 1
<==        Row: 5202, 52, 2, Interview Add, null, interview:add, null, 2
<==        Row: 5203, 52, 2, Interview Edit, null, interview:edit, null, 3
<==        Row: 6101, 61, 2, Dashboard View, null, stats:dashboard:view, null, 1
<==        Row: 6201, 62, 2, Source Report View, null, stats:report:view, null, 1
<==        Row: 6202, 62, 2, Source Report Export, null, stats:report:export, null, 2
<==      Total: 51
Closing non transactional SqlSession [org.apache.ibatis.session.defaults.DefaultSqlSession@7a908bcb]
Creating a new SqlSession
SqlSession [org.apache.ibatis.session.defaults.DefaultSqlSession@3b791512] was not registered for synchronization because synchronization is not active
JDBC Connection [com.alibaba.druid.pool.DruidStatementConnection@3515cda0] will not be managed by Spring
==>  Preparing: SELECT * FROM sys_user WHERE username = ? AND deleted = 0
==> Parameters: admin(String)
<==    Columns: id, username, real_name, phone, password, status, error_count, locked_until, deleted, created_time, updated_time
<==        Row: 1, admin, System Admin, 13800000000, $2a$10$CHHVPySZmO5DsDtGjAXwXugfDw4hPiI4HiOGoc8MSuyJqVM1e000q, 1, 0, null, 0, 2026-05-27 14:37:46, 2026-05-27 14:37:46
<==      Total: 1
Closing non transactional SqlSession [org.apache.ibatis.session.defaults.DefaultSqlSession@3b791512]
Creating a new SqlSession
SqlSession [org.apache.ibatis.session.defaults.DefaultSqlSession@71768319] was not registered for synchronization because synchronization is not active
JDBC Connection [com.alibaba.druid.pool.DruidStatementConnection@3515cda0] will not be managed by Spring
==>  Preparing: SELECT DISTINCT m.perm_code FROM sys_menu m INNER JOIN sys_role_menu rm ON m.id = rm.menu_id INNER JOIN sys_user_role ur ON rm.role_id = ur.role_id WHERE ur.user_id = ? AND m.perm_code IS NOT NULL AND m.perm_code != ''
==> Parameters: 1(Long)
<==    Columns: perm_code
<==        Row: system:user:list
<==        Row: system:user:add
<==        Row: system:user:edit
<==        Row: system:user:delete
<==        Row: system:role:list
<==        Row: system:role:add
<==        Row: system:role:edit
<==        Row: system:role:delete
<==        Row: system:menu:list
<==        Row: system:menu:add
<==        Row: system:menu:edit
<==        Row: system:menu:delete
<==        Row: job:job:list
<==        Row: job:job:add
<==        Row: job:job:edit
<==        Row: job:job:delete
<==        Row: job:job:publish
<==        Row: job:job:close
<==        Row: resume:resume:list
<==        Row: resume:resume:add
<==        Row: resume:resume:edit
<==        Row: resume:resume:delete
<==        Row: resume:resume:export
<==        Row: match:match:execute
<==        Row: match:config:view
<==        Row: match:config:edit
<==        Row: application:list
<==        Row: application:add
<==        Row: application:edit
<==        Row: interview:list
<==        Row: interview:add
<==        Row: interview:edit
<==        Row: stats:dashboard:view
<==        Row: stats:report:view
<==        Row: stats:report:export
<==      Total: 35
Closing non transactional SqlSession [org.apache.ibatis.session.defaults.DefaultSqlSession@71768319]
Creating a new SqlSession
SqlSession [org.apache.ibatis.session.defaults.DefaultSqlSession@382720c1] was not registered for synchronization because synchronization is not active
JDBC Connection [com.alibaba.druid.pool.DruidStatementConnection@3515cda0] will not be managed by Spring
==>  Preparing: SELECT * FROM sys_user WHERE username = ? AND deleted = 0
==> Parameters: admin(String)
<==    Columns: id, username, real_name, phone, password, status, error_count, locked_until, deleted, created_time, updated_time
<==        Row: 1, admin, System Admin, 13800000000, $2a$10$CHHVPySZmO5DsDtGjAXwXugfDw4hPiI4HiOGoc8MSuyJqVM1e000q, 1, 0, null, 0, 2026-05-27 14:37:46, 2026-05-27 14:37:46
<==      Total: 1
Closing non transactional SqlSession [org.apache.ibatis.session.defaults.DefaultSqlSession@382720c1]
Creating a new SqlSession
SqlSession [org.apache.ibatis.session.defaults.DefaultSqlSession@2b7f15de] was not registered for synchronization because synchronization is not active
JDBC Connection [com.alibaba.druid.pool.DruidStatementConnection@3515cda0] will not be managed by Spring
==>  Preparing: SELECT DISTINCT m.perm_code FROM sys_menu m INNER JOIN sys_role_menu rm ON m.id = rm.menu_id INNER JOIN sys_user_role ur ON rm.role_id = ur.role_id WHERE ur.user_id = ? AND m.perm_code IS NOT NULL AND m.perm_code != ''
==> Parameters: 1(Long)
<==    Columns: perm_code
<==        Row: system:user:list
<==        Row: system:user:add
<==        Row: system:user:edit
<==        Row: system:user:delete
<==        Row: system:role:list
<==        Row: system:role:add
<==        Row: system:role:edit
<==        Row: system:role:delete
<==        Row: system:menu:list
<==        Row: system:menu:add
<==        Row: system:menu:edit
<==        Row: system:menu:delete
<==        Row: job:job:list
<==        Row: job:job:add
<==        Row: job:job:edit
<==        Row: job:job:delete
<==        Row: job:job:publish
<==        Row: job:job:close
<==        Row: resume:resume:list
<==        Row: resume:resume:add
<==        Row: resume:resume:edit
<==        Row: resume:resume:delete
<==        Row: resume:resume:export
<==        Row: match:match:execute
<==        Row: match:config:view
<==        Row: match:config:edit
<==        Row: application:list
<==        Row: application:add
<==        Row: application:edit
<==        Row: interview:list
<==        Row: interview:add
<==        Row: interview:edit
<==        Row: stats:dashboard:view
<==        Row: stats:report:view
<==        Row: stats:report:export
<==      Total: 35
Closing non transactional SqlSession [org.apache.ibatis.session.defaults.DefaultSqlSession@2b7f15de]
Creating a new SqlSession
Creating a new SqlSession
Creating a new SqlSession
SqlSession [org.apache.ibatis.session.defaults.DefaultSqlSession@2c0ab981] was not registered for synchronization because synchronization is not active
SqlSession [org.apache.ibatis.session.defaults.DefaultSqlSession@1f459daf] was not registered for synchronization because synchronization is not active
JDBC Connection [com.alibaba.druid.pool.DruidStatementConnection@3515cda0] will not be managed by Spring
==>  Preparing: SELECT * FROM sys_user WHERE username = ? AND deleted = 0
JDBC Connection [com.alibaba.druid.pool.DruidStatementConnection@519d8ae2] will not be managed by Spring
==>  Preparing: SELECT * FROM sys_user WHERE username = ? AND deleted = 0
SqlSession [org.apache.ibatis.session.defaults.DefaultSqlSession@786a50af] was not registered for synchronization because synchronization is not active
==> Parameters: admin(String)
==> Parameters: admin(String)
JDBC Connection [com.alibaba.druid.pool.DruidStatementConnection@63316ce7] will not be managed by Spring
==>  Preparing: SELECT * FROM sys_user WHERE username = ? AND deleted = 0
<==    Columns: id, username, real_name, phone, password, status, error_count, locked_until, deleted, created_time, updated_time
<==    Columns: id, username, real_name, phone, password, status, error_count, locked_until, deleted, created_time, updated_time
==> Parameters: admin(String)
<==        Row: 1, admin, System Admin, 13800000000, $2a$10$CHHVPySZmO5DsDtGjAXwXugfDw4hPiI4HiOGoc8MSuyJqVM1e000q, 1, 0, null, 0, 2026-05-27 14:37:46, 2026-05-27 14:37:46
<==      Total: 1
<==    Columns: id, username, real_name, phone, password, status, error_count, locked_until, deleted, created_time, updated_time
<==        Row: 1, admin, System Admin, 13800000000, $2a$10$CHHVPySZmO5DsDtGjAXwXugfDw4hPiI4HiOGoc8MSuyJqVM1e000q, 1, 0, null, 0, 2026-05-27 14:37:46, 2026-05-27 14:37:46
Closing non transactional SqlSession [org.apache.ibatis.session.defaults.DefaultSqlSession@1f459daf]
Creating a new SqlSession
<==        Row: 1, admin, System Admin, 13800000000, $2a$10$CHHVPySZmO5DsDtGjAXwXugfDw4hPiI4HiOGoc8MSuyJqVM1e000q, 1, 0, null, 0, 2026-05-27 14:37:46, 2026-05-27 14:37:46
SqlSession [org.apache.ibatis.session.defaults.DefaultSqlSession@27c06654] was not registered for synchronization because synchronization is not active
<==      Total: 1
<==      Total: 1
JDBC Connection [com.alibaba.druid.pool.DruidStatementConnection@519d8ae2] will not be managed by Spring
Closing non transactional SqlSession [org.apache.ibatis.session.defaults.DefaultSqlSession@786a50af]
==>  Preparing: SELECT DISTINCT m.perm_code FROM sys_menu m INNER JOIN sys_role_menu rm ON m.id = rm.menu_id INNER JOIN sys_user_role ur ON rm.role_id = ur.role_id WHERE ur.user_id = ? AND m.perm_code IS NOT NULL AND m.perm_code != ''
Closing non transactional SqlSession [org.apache.ibatis.session.defaults.DefaultSqlSession@2c0ab981]
Creating a new SqlSession
Creating a new SqlSession
SqlSession [org.apache.ibatis.session.defaults.DefaultSqlSession@781717b9] was not registered for synchronization because synchronization is not active
SqlSession [org.apache.ibatis.session.defaults.DefaultSqlSession@1abf4ea2] was not registered for synchronization because synchronization is not active
JDBC Connection [com.alibaba.druid.pool.DruidStatementConnection@3515cda0] will not be managed by Spring
JDBC Connection [com.alibaba.druid.pool.DruidStatementConnection@63316ce7] will not be managed by Spring
==>  Preparing: SELECT DISTINCT m.perm_code FROM sys_menu m INNER JOIN sys_role_menu rm ON m.id = rm.menu_id INNER JOIN sys_user_role ur ON rm.role_id = ur.role_id WHERE ur.user_id = ? AND m.perm_code IS NOT NULL AND m.perm_code != ''
==> Parameters: 1(Long)
==>  Preparing: SELECT DISTINCT m.perm_code FROM sys_menu m INNER JOIN sys_role_menu rm ON m.id = rm.menu_id INNER JOIN sys_user_role ur ON rm.role_id = ur.role_id WHERE ur.user_id = ? AND m.perm_code IS NOT NULL AND m.perm_code != ''
==> Parameters: 1(Long)
==> Parameters: 1(Long)
<==    Columns: perm_code
<==    Columns: perm_code
<==        Row: system:user:list
<==        Row: system:user:list
<==    Columns: perm_code
<==        Row: system:user:list
<==        Row: system:user:add
<==        Row: system:user:add
<==        Row: system:user:add
<==        Row: system:user:edit
<==        Row: system:user:edit
<==        Row: system:user:edit
<==        Row: system:user:delete
<==        Row: system:user:delete
<==        Row: system:user:delete
<==        Row: system:role:list
<==        Row: system:role:list
<==        Row: system:role:list
<==        Row: system:role:add
<==        Row: system:role:add
<==        Row: system:role:add
<==        Row: system:role:edit
<==        Row: system:role:edit
<==        Row: system:role:edit
<==        Row: system:role:delete
<==        Row: system:role:delete
<==        Row: system:role:delete
<==        Row: system:menu:list
<==        Row: system:menu:list
<==        Row: system:menu:list
<==        Row: system:menu:add
<==        Row: system:menu:add
<==        Row: system:menu:add
<==        Row: system:menu:edit
<==        Row: system:menu:edit
<==        Row: system:menu:edit
<==        Row: system:menu:delete
<==        Row: system:menu:delete
<==        Row: job:job:list
<==        Row: system:menu:delete
<==        Row: job:job:list
<==        Row: job:job:add
<==        Row: job:job:list
<==        Row: job:job:add
<==        Row: job:job:add
<==        Row: job:job:edit
<==        Row: job:job:edit
<==        Row: job:job:edit
<==        Row: job:job:delete
<==        Row: job:job:delete
<==        Row: job:job:publish
<==        Row: job:job:close
<==        Row: job:job:delete
<==        Row: job:job:publish
<==        Row: resume:resume:list
<==        Row: job:job:publish
<==        Row: job:job:close
<==        Row: resume:resume:add
<==        Row: job:job:close
<==        Row: resume:resume:list
<==        Row: resume:resume:edit
<==        Row: resume:resume:list
<==        Row: resume:resume:add
<==        Row: resume:resume:edit
<==        Row: resume:resume:add
<==        Row: resume:resume:edit
<==        Row: resume:resume:delete
<==        Row: resume:resume:delete
<==        Row: resume:resume:delete
<==        Row: resume:resume:export
<==        Row: resume:resume:export
<==        Row: resume:resume:export
<==        Row: match:match:execute
<==        Row: match:match:execute
<==        Row: match:config:view
<==        Row: match:match:execute
<==        Row: match:config:view
<==        Row: match:config:edit
<==        Row: match:config:view
<==        Row: match:config:edit
<==        Row: application:list
<==        Row: application:add
<==        Row: application:edit
<==        Row: interview:list
<==        Row: application:list
<==        Row: application:add
<==        Row: application:edit
<==        Row: interview:list
<==        Row: interview:add
<==        Row: interview:edit
<==        Row: stats:dashboard:view
<==        Row: match:config:edit
<==        Row: stats:report:view
<==        Row: application:list
<==        Row: application:add
<==        Row: application:edit
<==        Row: interview:list
<==        Row: interview:add
<==        Row: interview:edit
<==        Row: stats:dashboard:view
<==        Row: stats:report:export
<==        Row: interview:add
<==      Total: 35
<==        Row: interview:edit
<==        Row: stats:dashboard:view
<==        Row: stats:report:view
<==        Row: stats:report:view
<==        Row: stats:report:export
<==      Total: 35
<==        Row: stats:report:export
<==      Total: 35
Closing non transactional SqlSession [org.apache.ibatis.session.defaults.DefaultSqlSession@781717b9]
Closing non transactional SqlSession [org.apache.ibatis.session.defaults.DefaultSqlSession@27c06654]
Closing non transactional SqlSession [org.apache.ibatis.session.defaults.DefaultSqlSession@1abf4ea2]
Creating a new SqlSession
Creating a new SqlSession
SqlSession [org.apache.ibatis.session.defaults.DefaultSqlSession@31e10fa3] was not registered for synchronization because synchronization is not active
Creating a new SqlSession
SqlSession [org.apache.ibatis.session.defaults.DefaultSqlSession@309c7443] was not registered for synchronization because synchronization is not active
SqlSession [org.apache.ibatis.session.defaults.DefaultSqlSession@2a55d80] was not registered for synchronization because synchronization is not active
Cache Hit Ratio [SQL_CACHE]: 0.5
Cache Hit Ratio [SQL_CACHE]: 0.5454545454545454
Cache Hit Ratio [SQL_CACHE]: 0.5833333333333334
JDBC Connection [com.alibaba.druid.pool.DruidStatementConnection@3515cda0] will not be managed by Spring
JDBC Connection [com.alibaba.druid.pool.DruidStatementConnection@519d8ae2] will not be managed by Spring
==>  Preparing: SELECT count(0) FROM job_position WHERE deleted = 0
==>  Preparing: SELECT count(0) FROM (SELECT DISTINCT r.* FROM resume_main r WHERE r.deleted = 0) table_count
==> Parameters: 
==> Parameters: 
<==    Columns: count(0)
<==        Row: 1
<==    Columns: count(0)
<==        Row: 2
<==      Total: 1
<==      Total: 1
==>  Preparing: SELECT DISTINCT r.* FROM resume_main r WHERE r.deleted = 0 ORDER BY r.created_time DESC LIMIT ?
==>  Preparing: SELECT * FROM job_position WHERE deleted = 0 ORDER BY created_time DESC LIMIT ?
==> Parameters: 999(Integer)
==> Parameters: 999(Integer)
<==    Columns: id, title, department, job_type, location, salary_min, salary_max, edu_require, exp_require, description, skill_tags, status, deleted, creator_id, created_time, updated_time
<==    Columns: id, name, phone, email, gender, birth_date, city, desired_position, desired_city, desired_salary_min, desired_salary_max, job_status, highest_edu, total_exp_years, file_path, parse_success, source, self_intro, deleted, creator_id, created_time, updated_time
<==        Row: 2, 自动化回归候选人0527B, 13900005271, auto0527b@example.com, null, null, 杭州, 前端开发工程师, 杭州, null, null, null, null, null, null, null, MANUAL, <<BLOB>>, 0, 1, 2026-05-27 16:36:50, 2026-05-27 16:36:50
<==        Row: 1, 自动化测试职位-0527, 智能招聘部, FULL_TIME, 杭州, 10000, 20000, BACHELOR, 1, <<BLOB>>, <<BLOB>>, OPEN, 0, 1, 2026-05-27 16:17:13, 2026-05-27 16:18:52
JDBC Connection [com.alibaba.druid.pool.DruidStatementConnection@63316ce7] will not be managed by Spring
==>  Preparing: SELECT count(0) FROM job_application a LEFT JOIN job_position p ON a.position_id = p.id LEFT JOIN resume_main r ON a.resume_id = r.id WHERE 1 = 1
<==      Total: 1
==> Parameters: 
Closing non transactional SqlSession [org.apache.ibatis.session.defaults.DefaultSqlSession@2a55d80]
<==        Row: 1, 自动化测试候选人0527, 13900005270, auto0527@example.com, null, null, 杭州, 前端开发工程师, 杭州, null, null, , null, null, null, null, MANUAL, <<BLOB>>, 0, 1, 2026-05-27 16:18:40, 2026-05-27 16:18:40
<==      Total: 2
Closing non transactional SqlSession [org.apache.ibatis.session.defaults.DefaultSqlSession@309c7443]
Creating a new SqlSession
SqlSession [org.apache.ibatis.session.defaults.DefaultSqlSession@5f7aa04d] was not registered for synchronization because synchronization is not active
JDBC Connection [com.alibaba.druid.pool.DruidStatementConnection@519d8ae2] will not be managed by Spring
==>  Preparing: SELECT * FROM resume_education WHERE resume_id=? ORDER BY start_date DESC
<==    Columns: count(0)
<==        Row: 2
<==      Total: 1
==>  Preparing: SELECT a.*, p.title as position_title, r.name as resume_name FROM job_application a LEFT JOIN job_position p ON a.position_id = p.id LEFT JOIN resume_main r ON a.resume_id = r.id WHERE 1=1 ORDER BY a.created_time DESC LIMIT ?
==> Parameters: 2(Long)
==> Parameters: 10(Integer)
<==      Total: 0
Closing non transactional SqlSession [org.apache.ibatis.session.defaults.DefaultSqlSession@5f7aa04d]
Creating a new SqlSession
SqlSession [org.apache.ibatis.session.defaults.DefaultSqlSession@6550b52d] was not registered for synchronization because synchronization is not active
JDBC Connection [com.alibaba.druid.pool.DruidStatementConnection@519d8ae2] will not be managed by Spring
==>  Preparing: SELECT * FROM resume_work_exp WHERE resume_id=? ORDER BY start_date DESC
==> Parameters: 2(Long)
<==    Columns: id, position_id, resume_id, status, operate_time, operator_id, remark, created_time, position_title, resume_name
<==        Row: 2, 1, 2, INTERVIEW_PASSED, 2026-05-27 16:37:31, 1, 面试结果：PASS, 2026-05-27 16:36:50, 自动化测试职位-0527, 自动化回归候选人0527B
<==        Row: 1, 1, 1, INTERVIEW_PASSED, 2026-05-27 16:29:53, 1, 面试结果：PASS, 2026-05-27 16:19:47, 自动化测试职位-0527, 自动化测试候选人0527
<==      Total: 2
Closing non transactional SqlSession [org.apache.ibatis.session.defaults.DefaultSqlSession@31e10fa3]
<==      Total: 0
Closing non transactional SqlSession [org.apache.ibatis.session.defaults.DefaultSqlSession@6550b52d]
Creating a new SqlSession
SqlSession [org.apache.ibatis.session.defaults.DefaultSqlSession@32322983] was not registered for synchronization because synchronization is not active
JDBC Connection [com.alibaba.druid.pool.DruidStatementConnection@519d8ae2] will not be managed by Spring
==>  Preparing: SELECT * FROM resume_skill WHERE resume_id=?
==> Parameters: 2(Long)
<==    Columns: id, resume_id, skill_name
<==        Row: 4, 2, Vue3
<==        Row: 5, 2, TypeScript
<==      Total: 2
Closing non transactional SqlSession [org.apache.ibatis.session.defaults.DefaultSqlSession@32322983]
Creating a new SqlSession
SqlSession [org.apache.ibatis.session.defaults.DefaultSqlSession@6143d112] was not registered for synchronization because synchronization is not active
JDBC Connection [com.alibaba.druid.pool.DruidStatementConnection@519d8ae2] will not be managed by Spring
==>  Preparing: SELECT * FROM resume_education WHERE resume_id=? ORDER BY start_date DESC
==> Parameters: 1(Long)
<==      Total: 0
Closing non transactional SqlSession [org.apache.ibatis.session.defaults.DefaultSqlSession@6143d112]
Creating a new SqlSession
SqlSession [org.apache.ibatis.session.defaults.DefaultSqlSession@7e12c7d1] was not registered for synchronization because synchronization is not active
JDBC Connection [com.alibaba.druid.pool.DruidStatementConnection@519d8ae2] will not be managed by Spring
==>  Preparing: SELECT * FROM resume_work_exp WHERE resume_id=? ORDER BY start_date DESC
==> Parameters: 1(Long)
<==      Total: 0
Closing non transactional SqlSession [org.apache.ibatis.session.defaults.DefaultSqlSession@7e12c7d1]
Creating a new SqlSession
SqlSession [org.apache.ibatis.session.defaults.DefaultSqlSession@57041e32] was not registered for synchronization because synchronization is not active
JDBC Connection [com.alibaba.druid.pool.DruidStatementConnection@519d8ae2] will not be managed by Spring
==>  Preparing: SELECT * FROM resume_skill WHERE resume_id=?
==> Parameters: 1(Long)
<==    Columns: id, resume_id, skill_name
<==        Row: 1, 1, Vue3
<==        Row: 2, 1, TypeScript
<==        Row: 3, 1, 招聘流程
<==      Total: 3
Closing non transactional SqlSession [org.apache.ibatis.session.defaults.DefaultSqlSession@57041e32]
Creating a new SqlSession
Creating a new SqlSession
SqlSession [org.apache.ibatis.session.defaults.DefaultSqlSession@63475ddf] was not registered for synchronization because synchronization is not active
SqlSession [org.apache.ibatis.session.defaults.DefaultSqlSession@6ef69dd0] was not registered for synchronization because synchronization is not active
JDBC Connection [com.alibaba.druid.pool.DruidStatementConnection@63316ce7] will not be managed by Spring
JDBC Connection [com.alibaba.druid.pool.DruidStatementConnection@519d8ae2] will not be managed by Spring
==>  Preparing: SELECT * FROM sys_user WHERE username = ? AND deleted = 0
==>  Preparing: SELECT * FROM sys_user WHERE username = ? AND deleted = 0
==> Parameters: admin(String)
==> Parameters: admin(String)
<==    Columns: id, username, real_name, phone, password, status, error_count, locked_until, deleted, created_time, updated_time
<==    Columns: id, username, real_name, phone, password, status, error_count, locked_until, deleted, created_time, updated_time
<==        Row: 1, admin, System Admin, 13800000000, $2a$10$CHHVPySZmO5DsDtGjAXwXugfDw4hPiI4HiOGoc8MSuyJqVM1e000q, 1, 0, null, 0, 2026-05-27 14:37:46, 2026-05-27 14:37:46
<==        Row: 1, admin, System Admin, 13800000000, $2a$10$CHHVPySZmO5DsDtGjAXwXugfDw4hPiI4HiOGoc8MSuyJqVM1e000q, 1, 0, null, 0, 2026-05-27 14:37:46, 2026-05-27 14:37:46
<==      Total: 1
<==      Total: 1
Closing non transactional SqlSession [org.apache.ibatis.session.defaults.DefaultSqlSession@6ef69dd0]
Closing non transactional SqlSession [org.apache.ibatis.session.defaults.DefaultSqlSession@63475ddf]
Creating a new SqlSession
Creating a new SqlSession
SqlSession [org.apache.ibatis.session.defaults.DefaultSqlSession@5c4576ea] was not registered for synchronization because synchronization is not active
SqlSession [org.apache.ibatis.session.defaults.DefaultSqlSession@4727851c] was not registered for synchronization because synchronization is not active
JDBC Connection [com.alibaba.druid.pool.DruidStatementConnection@63316ce7] will not be managed by Spring
==>  Preparing: SELECT DISTINCT m.perm_code FROM sys_menu m INNER JOIN sys_role_menu rm ON m.id = rm.menu_id INNER JOIN sys_user_role ur ON rm.role_id = ur.role_id WHERE ur.user_id = ? AND m.perm_code IS NOT NULL AND m.perm_code != ''
JDBC Connection [com.alibaba.druid.pool.DruidStatementConnection@519d8ae2] will not be managed by Spring
==>  Preparing: SELECT DISTINCT m.perm_code FROM sys_menu m INNER JOIN sys_role_menu rm ON m.id = rm.menu_id INNER JOIN sys_user_role ur ON rm.role_id = ur.role_id WHERE ur.user_id = ? AND m.perm_code IS NOT NULL AND m.perm_code != ''
==> Parameters: 1(Long)
==> Parameters: 1(Long)
<==    Columns: perm_code
<==    Columns: perm_code
<==        Row: system:user:list
<==        Row: system:user:list
<==        Row: system:user:add
<==        Row: system:user:add
<==        Row: system:user:edit
<==        Row: system:user:delete
<==        Row: system:user:edit
<==        Row: system:user:delete
<==        Row: system:role:list
<==        Row: system:role:list
<==        Row: system:role:add
<==        Row: system:role:edit
<==        Row: system:role:delete
<==        Row: system:menu:list
<==        Row: system:role:add
<==        Row: system:role:edit
<==        Row: system:menu:add
<==        Row: system:menu:edit
<==        Row: system:menu:delete
<==        Row: job:job:list
<==        Row: job:job:add
<==        Row: system:role:delete
<==        Row: system:menu:list
<==        Row: system:menu:add
<==        Row: job:job:edit
<==        Row: system:menu:edit
<==        Row: system:menu:delete
<==        Row: job:job:list
<==        Row: job:job:add
<==        Row: job:job:edit
<==        Row: job:job:delete
<==        Row: job:job:publish
<==        Row: job:job:close
<==        Row: resume:resume:list
<==        Row: resume:resume:add
<==        Row: resume:resume:edit
<==        Row: resume:resume:delete
<==        Row: resume:resume:export
<==        Row: match:match:execute
<==        Row: match:config:view
<==        Row: match:config:edit
<==        Row: application:list
<==        Row: application:add
<==        Row: application:edit
<==        Row: interview:list
<==        Row: interview:add
<==        Row: interview:edit
<==        Row: stats:dashboard:view
<==        Row: stats:report:view
<==        Row: stats:report:export
<==      Total: 35
<==        Row: job:job:delete
<==        Row: job:job:publish
<==        Row: job:job:close
<==        Row: resume:resume:list
<==        Row: resume:resume:add
<==        Row: resume:resume:edit
<==        Row: resume:resume:delete
<==        Row: resume:resume:export
<==        Row: match:match:execute
<==        Row: match:config:view
<==        Row: match:config:edit
<==        Row: application:list
<==        Row: application:add
<==        Row: application:edit
<==        Row: interview:list
<==        Row: interview:add
<==        Row: interview:edit
<==        Row: stats:dashboard:view
<==        Row: stats:report:view
<==        Row: stats:report:export
<==      Total: 35
Closing non transactional SqlSession [org.apache.ibatis.session.defaults.DefaultSqlSession@5c4576ea]
Closing non transactional SqlSession [org.apache.ibatis.session.defaults.DefaultSqlSession@4727851c]
Creating a new SqlSession
Creating a new SqlSession
SqlSession [org.apache.ibatis.session.defaults.DefaultSqlSession@3f3e0277] was not registered for synchronization because synchronization is not active
SqlSession [org.apache.ibatis.session.defaults.DefaultSqlSession@435e1390] was not registered for synchronization because synchronization is not active
Cache Hit Ratio [SQL_CACHE]: 0.6153846153846154
Cache Hit Ratio [SQL_CACHE]: 0.6428571428571429
JDBC Connection [com.alibaba.druid.pool.DruidStatementConnection@519d8ae2] will not be managed by Spring
==>  Preparing: SELECT count(0) FROM interview_record WHERE 1 = 1
==> Parameters: 
<==    Columns: count(0)
<==        Row: 2
<==      Total: 1
==>  Preparing: SELECT * FROM interview_record WHERE 1=1 ORDER BY interview_time DESC LIMIT ?
==> Parameters: 10(Integer)
JDBC Connection [com.alibaba.druid.pool.DruidStatementConnection@63316ce7] will not be managed by Spring
==>  Preparing: SELECT count(0) FROM job_application a LEFT JOIN job_position p ON a.position_id = p.id LEFT JOIN resume_main r ON a.resume_id = r.id WHERE 1 = 1
==> Parameters: 
<==    Columns: id, application_id, interview_time, interviewer, location, score, comment, result, created_time
<==        Row: 2, 2, 2026-05-27 20:00:00, 面试官B, 线上会议室-回归, 5, <<BLOB>>, PASS, 2026-05-27 16:36:50
<==    Columns: count(0)
<==        Row: 2
<==      Total: 1
==>  Preparing: SELECT a.*, p.title as position_title, r.name as resume_name FROM job_application a LEFT JOIN job_position p ON a.position_id = p.id LEFT JOIN resume_main r ON a.resume_id = r.id WHERE 1=1 ORDER BY a.created_time DESC LIMIT ?
<==        Row: 1, 1, 2026-05-27 19:30:00, 面试官A, 线上会议室-自动化, 5, <<BLOB>>, PASS, 2026-05-27 16:29:44
<==      Total: 2
==> Parameters: 999(Integer)
Closing non transactional SqlSession [org.apache.ibatis.session.defaults.DefaultSqlSession@435e1390]
<==    Columns: id, position_id, resume_id, status, operate_time, operator_id, remark, created_time, position_title, resume_name
<==        Row: 2, 1, 2, INTERVIEW_PASSED, 2026-05-27 16:37:31, 1, 面试结果：PASS, 2026-05-27 16:36:50, 自动化测试职位-0527, 自动化回归候选人0527B
<==        Row: 1, 1, 1, INTERVIEW_PASSED, 2026-05-27 16:29:53, 1, 面试结果：PASS, 2026-05-27 16:19:47, 自动化测试职位-0527, 自动化测试候选人0527
<==      Total: 2
Closing non transactional SqlSession [org.apache.ibatis.session.defaults.DefaultSqlSession@3f3e0277]
Creating a new SqlSession
Creating a new SqlSession
SqlSession [org.apache.ibatis.session.defaults.DefaultSqlSession@647dc5c2] was not registered for synchronization because synchronization is not active
SqlSession [org.apache.ibatis.session.defaults.DefaultSqlSession@3e8ddf0] was not registered for synchronization because synchronization is not active
JDBC Connection [com.alibaba.druid.pool.DruidStatementConnection@519d8ae2] will not be managed by Spring
JDBC Connection [com.alibaba.druid.pool.DruidStatementConnection@63316ce7] will not be managed by Spring
==>  Preparing: SELECT * FROM sys_user WHERE username = ? AND deleted = 0
==>  Preparing: SELECT * FROM sys_user WHERE username = ? AND deleted = 0
==> Parameters: admin(String)
==> Parameters: admin(String)
<==    Columns: id, username, real_name, phone, password, status, error_count, locked_until, deleted, created_time, updated_time
<==    Columns: id, username, real_name, phone, password, status, error_count, locked_until, deleted, created_time, updated_time
<==        Row: 1, admin, System Admin, 13800000000, $2a$10$CHHVPySZmO5DsDtGjAXwXugfDw4hPiI4HiOGoc8MSuyJqVM1e000q, 1, 0, null, 0, 2026-05-27 14:37:46, 2026-05-27 14:37:46
<==        Row: 1, admin, System Admin, 13800000000, $2a$10$CHHVPySZmO5DsDtGjAXwXugfDw4hPiI4HiOGoc8MSuyJqVM1e000q, 1, 0, null, 0, 2026-05-27 14:37:46, 2026-05-27 14:37:46
<==      Total: 1
<==      Total: 1
Closing non transactional SqlSession [org.apache.ibatis.session.defaults.DefaultSqlSession@3e8ddf0]
Closing non transactional SqlSession [org.apache.ibatis.session.defaults.DefaultSqlSession@647dc5c2]
Creating a new SqlSession
Creating a new SqlSession
SqlSession [org.apache.ibatis.session.defaults.DefaultSqlSession@392bcbb9] was not registered for synchronization because synchronization is not active
SqlSession [org.apache.ibatis.session.defaults.DefaultSqlSession@74f07174] was not registered for synchronization because synchronization is not active
JDBC Connection [com.alibaba.druid.pool.DruidStatementConnection@519d8ae2] will not be managed by Spring
JDBC Connection [com.alibaba.druid.pool.DruidStatementConnection@63316ce7] will not be managed by Spring
==>  Preparing: SELECT DISTINCT m.perm_code FROM sys_menu m INNER JOIN sys_role_menu rm ON m.id = rm.menu_id INNER JOIN sys_user_role ur ON rm.role_id = ur.role_id WHERE ur.user_id = ? AND m.perm_code IS NOT NULL AND m.perm_code != ''
==>  Preparing: SELECT DISTINCT m.perm_code FROM sys_menu m INNER JOIN sys_role_menu rm ON m.id = rm.menu_id INNER JOIN sys_user_role ur ON rm.role_id = ur.role_id WHERE ur.user_id = ? AND m.perm_code IS NOT NULL AND m.perm_code != ''
==> Parameters: 1(Long)
==> Parameters: 1(Long)
<==    Columns: perm_code
<==        Row: system:user:list
<==        Row: system:user:add
<==        Row: system:user:edit
<==        Row: system:user:delete
<==        Row: system:role:list
<==        Row: system:role:add
<==        Row: system:role:edit
<==        Row: system:role:delete
<==        Row: system:menu:list
<==        Row: system:menu:add
<==        Row: system:menu:edit
<==        Row: system:menu:delete
<==        Row: job:job:list
<==        Row: job:job:add
<==        Row: job:job:edit
<==        Row: job:job:delete
<==        Row: job:job:publish
<==        Row: job:job:close
<==        Row: resume:resume:list
<==        Row: resume:resume:add
<==        Row: resume:resume:edit
<==        Row: resume:resume:delete
<==        Row: resume:resume:export
<==        Row: match:match:execute
<==        Row: match:config:view
<==        Row: match:config:edit
<==        Row: application:list
<==        Row: application:add
<==        Row: application:edit
<==        Row: interview:list
<==        Row: interview:add
<==        Row: interview:edit
<==        Row: stats:dashboard:view
<==        Row: stats:report:view
<==        Row: stats:report:export
<==      Total: 35
Closing non transactional SqlSession [org.apache.ibatis.session.defaults.DefaultSqlSession@74f07174]
<==    Columns: perm_code
<==        Row: system:user:list
<==        Row: system:user:add
<==        Row: system:user:edit
<==        Row: system:user:delete
<==        Row: system:role:list
<==        Row: system:role:add
<==        Row: system:role:edit
<==        Row: system:role:delete
<==        Row: system:menu:list
<==        Row: system:menu:add
<==        Row: system:menu:edit
<==        Row: system:menu:delete
<==        Row: job:job:list
<==        Row: job:job:add
<==        Row: job:job:edit
<==        Row: job:job:delete
<==        Row: job:job:publish
<==        Row: job:job:close
<==        Row: resume:resume:list
<==        Row: resume:resume:add
<==        Row: resume:resume:edit
<==        Row: resume:resume:delete
<==        Row: resume:resume:export
<==        Row: match:match:execute
<==        Row: match:config:view
<==        Row: match:config:edit
<==        Row: application:list
<==        Row: application:add
<==        Row: application:edit
<==        Row: interview:list
<==        Row: interview:add
<==        Row: interview:edit
<==        Row: stats:dashboard:view
<==        Row: stats:report:view
<==        Row: stats:report:export
<==      Total: 35
Closing non transactional SqlSession [org.apache.ibatis.session.defaults.DefaultSqlSession@392bcbb9]
Creating a new SqlSession
SqlSession [org.apache.ibatis.session.defaults.DefaultSqlSession@26bc0c35] was not registered for synchronization because synchronization is not active
JDBC Connection [com.alibaba.druid.pool.DruidStatementConnection@63316ce7] will not be managed by Spring
==>  Preparing: SELECT * FROM match_config LIMIT 1
Creating a new SqlSession
SqlSession [org.apache.ibatis.session.defaults.DefaultSqlSession@34c8cf25] was not registered for synchronization because synchronization is not active
==> Parameters: 
Cache Hit Ratio [SQL_CACHE]: 0.6666666666666666
<==    Columns: id, skill_weight, edu_weight, exp_weight, updated_time, updater_id
JDBC Connection [com.alibaba.druid.pool.DruidStatementConnection@519d8ae2] will not be managed by Spring
==>  Preparing: SELECT count(0) FROM job_position WHERE deleted = 0 AND status = ?
==> Parameters: OPEN(String)
<==        Row: 1, 50, 30, 20, 2026-05-27 14:37:46, 1
<==      Total: 1
Closing non transactional SqlSession [org.apache.ibatis.session.defaults.DefaultSqlSession@26bc0c35]
<==    Columns: count(0)
<==        Row: 1
<==      Total: 1
==>  Preparing: SELECT * FROM job_position WHERE deleted = 0 AND status = ? ORDER BY created_time DESC LIMIT ?
==> Parameters: OPEN(String), 999(Integer)
<==    Columns: id, title, department, job_type, location, salary_min, salary_max, edu_require, exp_require, description, skill_tags, status, deleted, creator_id, created_time, updated_time
<==        Row: 1, 自动化测试职位-0527, 智能招聘部, FULL_TIME, 杭州, 10000, 20000, BACHELOR, 1, <<BLOB>>, <<BLOB>>, OPEN, 0, 1, 2026-05-27 16:17:13, 2026-05-27 16:18:52
<==      Total: 1
Closing non transactional SqlSession [org.apache.ibatis.session.defaults.DefaultSqlSession@34c8cf25]
Creating a new SqlSession
SqlSession [org.apache.ibatis.session.defaults.DefaultSqlSession@42f2de1d] was not registered for synchronization because synchronization is not active
JDBC Connection [com.alibaba.druid.pool.DruidStatementConnection@519d8ae2] will not be managed by Spring
==>  Preparing: SELECT * FROM sys_user WHERE username = ? AND deleted = 0
==> Parameters: admin(String)
<==    Columns: id, username, real_name, phone, password, status, error_count, locked_until, deleted, created_time, updated_time
<==        Row: 1, admin, System Admin, 13800000000, $2a$10$CHHVPySZmO5DsDtGjAXwXugfDw4hPiI4HiOGoc8MSuyJqVM1e000q, 1, 0, null, 0, 2026-05-27 14:37:46, 2026-05-27 14:37:46
<==      Total: 1
Closing non transactional SqlSession [org.apache.ibatis.session.defaults.DefaultSqlSession@42f2de1d]
Creating a new SqlSession
SqlSession [org.apache.ibatis.session.defaults.DefaultSqlSession@2e01b047] was not registered for synchronization because synchronization is not active
JDBC Connection [com.alibaba.druid.pool.DruidStatementConnection@519d8ae2] will not be managed by Spring
==>  Preparing: SELECT DISTINCT m.perm_code FROM sys_menu m INNER JOIN sys_role_menu rm ON m.id = rm.menu_id INNER JOIN sys_user_role ur ON rm.role_id = ur.role_id WHERE ur.user_id = ? AND m.perm_code IS NOT NULL AND m.perm_code != ''
==> Parameters: 1(Long)
<==    Columns: perm_code
<==        Row: system:user:list
<==        Row: system:user:add
<==        Row: system:user:edit
<==        Row: system:user:delete
<==        Row: system:role:list
<==        Row: system:role:add
<==        Row: system:role:edit
<==        Row: system:role:delete
<==        Row: system:menu:list
<==        Row: system:menu:add
<==        Row: system:menu:edit
<==        Row: system:menu:delete
<==        Row: job:job:list
<==        Row: job:job:add
<==        Row: job:job:edit
<==        Row: job:job:delete
<==        Row: job:job:publish
<==        Row: job:job:close
<==        Row: resume:resume:list
<==        Row: resume:resume:add
<==        Row: resume:resume:edit
<==        Row: resume:resume:delete
<==        Row: resume:resume:export
<==        Row: match:match:execute
<==        Row: match:config:view
<==        Row: match:config:edit
<==        Row: application:list
<==        Row: application:add
<==        Row: application:edit
<==        Row: interview:list
<==        Row: interview:add
<==        Row: interview:edit
<==        Row: stats:dashboard:view
<==        Row: stats:report:view
<==        Row: stats:report:export
<==      Total: 35
Closing non transactional SqlSession [org.apache.ibatis.session.defaults.DefaultSqlSession@2e01b047]
Creating a new SqlSession
SqlSession [org.apache.ibatis.session.defaults.DefaultSqlSession@7fabec04] was not registered for synchronization because synchronization is not active
Cache Hit Ratio [SQL_CACHE]: 0.6875
JDBC Connection [com.alibaba.druid.pool.DruidStatementConnection@519d8ae2] will not be managed by Spring
==>  Preparing: SELECT count(0) FROM (SELECT DISTINCT r.* FROM resume_main r WHERE r.deleted = 0) table_count
==> Parameters: 
<==    Columns: count(0)
<==        Row: 2
<==      Total: 1
==>  Preparing: SELECT DISTINCT r.* FROM resume_main r WHERE r.deleted = 0 ORDER BY r.created_time DESC LIMIT ?
==> Parameters: 10(Integer)
<==    Columns: id, name, phone, email, gender, birth_date, city, desired_position, desired_city, desired_salary_min, desired_salary_max, job_status, highest_edu, total_exp_years, file_path, parse_success, source, self_intro, deleted, creator_id, created_time, updated_time
<==        Row: 2, 自动化回归候选人0527B, 13900005271, auto0527b@example.com, null, null, 杭州, 前端开发工程师, 杭州, null, null, null, null, null, null, null, MANUAL, <<BLOB>>, 0, 1, 2026-05-27 16:36:50, 2026-05-27 16:36:50
<==        Row: 1, 自动化测试候选人0527, 13900005270, auto0527@example.com, null, null, 杭州, 前端开发工程师, 杭州, null, null, , null, null, null, null, MANUAL, <<BLOB>>, 0, 1, 2026-05-27 16:18:40, 2026-05-27 16:18:40
<==      Total: 2
Closing non transactional SqlSession [org.apache.ibatis.session.defaults.DefaultSqlSession@7fabec04]
Creating a new SqlSession
SqlSession [org.apache.ibatis.session.defaults.DefaultSqlSession@440fc2f1] was not registered for synchronization because synchronization is not active
JDBC Connection [com.alibaba.druid.pool.DruidStatementConnection@519d8ae2] will not be managed by Spring
==>  Preparing: SELECT * FROM resume_education WHERE resume_id=? ORDER BY start_date DESC
==> Parameters: 2(Long)
<==      Total: 0
Closing non transactional SqlSession [org.apache.ibatis.session.defaults.DefaultSqlSession@440fc2f1]
Creating a new SqlSession
SqlSession [org.apache.ibatis.session.defaults.DefaultSqlSession@2ee9294c] was not registered for synchronization because synchronization is not active
JDBC Connection [com.alibaba.druid.pool.DruidStatementConnection@519d8ae2] will not be managed by Spring
==>  Preparing: SELECT * FROM resume_work_exp WHERE resume_id=? ORDER BY start_date DESC
==> Parameters: 2(Long)
<==      Total: 0
Closing non transactional SqlSession [org.apache.ibatis.session.defaults.DefaultSqlSession@2ee9294c]
Creating a new SqlSession
SqlSession [org.apache.ibatis.session.defaults.DefaultSqlSession@7d39ddbe] was not registered for synchronization because synchronization is not active
JDBC Connection [com.alibaba.druid.pool.DruidStatementConnection@519d8ae2] will not be managed by Spring
==>  Preparing: SELECT * FROM resume_skill WHERE resume_id=?
==> Parameters: 2(Long)
<==    Columns: id, resume_id, skill_name
<==        Row: 4, 2, Vue3
<==        Row: 5, 2, TypeScript
<==      Total: 2
Closing non transactional SqlSession [org.apache.ibatis.session.defaults.DefaultSqlSession@7d39ddbe]
Creating a new SqlSession
SqlSession [org.apache.ibatis.session.defaults.DefaultSqlSession@58b62b57] was not registered for synchronization because synchronization is not active
JDBC Connection [com.alibaba.druid.pool.DruidStatementConnection@519d8ae2] will not be managed by Spring
==>  Preparing: SELECT * FROM resume_education WHERE resume_id=? ORDER BY start_date DESC
==> Parameters: 1(Long)
<==      Total: 0
Closing non transactional SqlSession [org.apache.ibatis.session.defaults.DefaultSqlSession@58b62b57]
Creating a new SqlSession
SqlSession [org.apache.ibatis.session.defaults.DefaultSqlSession@706e52e2] was not registered for synchronization because synchronization is not active
JDBC Connection [com.alibaba.druid.pool.DruidStatementConnection@519d8ae2] will not be managed by Spring
==>  Preparing: SELECT * FROM resume_work_exp WHERE resume_id=? ORDER BY start_date DESC
==> Parameters: 1(Long)
<==      Total: 0
Closing non transactional SqlSession [org.apache.ibatis.session.defaults.DefaultSqlSession@706e52e2]
Creating a new SqlSession
SqlSession [org.apache.ibatis.session.defaults.DefaultSqlSession@3005d911] was not registered for synchronization because synchronization is not active
JDBC Connection [com.alibaba.druid.pool.DruidStatementConnection@519d8ae2] will not be managed by Spring
==>  Preparing: SELECT * FROM resume_skill WHERE resume_id=?
==> Parameters: 1(Long)
<==    Columns: id, resume_id, skill_name
<==        Row: 1, 1, Vue3
<==        Row: 2, 1, TypeScript
<==        Row: 3, 1, 招聘流程
<==      Total: 3
Closing non transactional SqlSession [org.apache.ibatis.session.defaults.DefaultSqlSession@3005d911]
Creating a new SqlSession
SqlSession [org.apache.ibatis.session.defaults.DefaultSqlSession@614b10eb] was not registered for synchronization because synchronization is not active
JDBC Connection [com.alibaba.druid.pool.DruidStatementConnection@519d8ae2] will not be managed by Spring
==>  Preparing: SELECT * FROM sys_user WHERE username = ? AND deleted = 0
==> Parameters: admin(String)
<==    Columns: id, username, real_name, phone, password, status, error_count, locked_until, deleted, created_time, updated_time
<==        Row: 1, admin, System Admin, 13800000000, $2a$10$CHHVPySZmO5DsDtGjAXwXugfDw4hPiI4HiOGoc8MSuyJqVM1e000q, 1, 0, null, 0, 2026-05-27 14:37:46, 2026-05-27 14:37:46
<==      Total: 1
Closing non transactional SqlSession [org.apache.ibatis.session.defaults.DefaultSqlSession@614b10eb]
Creating a new SqlSession
SqlSession [org.apache.ibatis.session.defaults.DefaultSqlSession@5f868c2b] was not registered for synchronization because synchronization is not active
JDBC Connection [com.alibaba.druid.pool.DruidStatementConnection@519d8ae2] will not be managed by Spring
==>  Preparing: SELECT DISTINCT m.perm_code FROM sys_menu m INNER JOIN sys_role_menu rm ON m.id = rm.menu_id INNER JOIN sys_user_role ur ON rm.role_id = ur.role_id WHERE ur.user_id = ? AND m.perm_code IS NOT NULL AND m.perm_code != ''
==> Parameters: 1(Long)
<==    Columns: perm_code
<==        Row: system:user:list
<==        Row: system:user:add
<==        Row: system:user:edit
<==        Row: system:user:delete
<==        Row: system:role:list
<==        Row: system:role:add
<==        Row: system:role:edit
<==        Row: system:role:delete
<==        Row: system:menu:list
<==        Row: system:menu:add
<==        Row: system:menu:edit
<==        Row: system:menu:delete
<==        Row: job:job:list
<==        Row: job:job:add
<==        Row: job:job:edit
<==        Row: job:job:delete
<==        Row: job:job:publish
<==        Row: job:job:close
<==        Row: resume:resume:list
<==        Row: resume:resume:add
<==        Row: resume:resume:edit
<==        Row: resume:resume:delete
<==        Row: resume:resume:export
<==        Row: match:match:execute
<==        Row: match:config:view
<==        Row: match:config:edit
<==        Row: application:list
<==        Row: application:add
<==        Row: application:edit
<==        Row: interview:list
<==        Row: interview:add
<==        Row: interview:edit
<==        Row: stats:dashboard:view
<==        Row: stats:report:view
<==        Row: stats:report:export
<==      Total: 35
Closing non transactional SqlSession [org.apache.ibatis.session.defaults.DefaultSqlSession@5f868c2b]
Creating a new SqlSession
SqlSession [org.apache.ibatis.session.defaults.DefaultSqlSession@f75069d] was not registered for synchronization because synchronization is not active
Cache Hit Ratio [SQL_CACHE]: 0.7058823529411765
JDBC Connection [com.alibaba.druid.pool.DruidStatementConnection@519d8ae2] will not be managed by Spring
==>  Preparing: SELECT count(0) FROM job_position WHERE deleted = 0
==> Parameters: 
<==    Columns: count(0)
<==        Row: 1
<==      Total: 1
==>  Preparing: SELECT * FROM job_position WHERE deleted = 0 ORDER BY created_time DESC LIMIT ?
==> Parameters: 10(Integer)
<==    Columns: id, title, department, job_type, location, salary_min, salary_max, edu_require, exp_require, description, skill_tags, status, deleted, creator_id, created_time, updated_time
<==        Row: 1, 自动化测试职位-0527, 智能招聘部, FULL_TIME, 杭州, 10000, 20000, BACHELOR, 1, <<BLOB>>, <<BLOB>>, OPEN, 0, 1, 2026-05-27 16:17:13, 2026-05-27 16:18:52
<==      Total: 1
Closing non transactional SqlSession [org.apache.ibatis.session.defaults.DefaultSqlSession@f75069d]
Creating a new SqlSession
Creating a new SqlSession
SqlSession [org.apache.ibatis.session.defaults.DefaultSqlSession@73f3fb7] was not registered for synchronization because synchronization is not active
SqlSession [org.apache.ibatis.session.defaults.DefaultSqlSession@5bb8bcd8] was not registered for synchronization because synchronization is not active
JDBC Connection [com.alibaba.druid.pool.DruidStatementConnection@519d8ae2] will not be managed by Spring
==>  Preparing: SELECT * FROM sys_user WHERE username = ? AND deleted = 0
JDBC Connection [com.alibaba.druid.pool.DruidStatementConnection@63316ce7] will not be managed by Spring
==>  Preparing: SELECT * FROM sys_user WHERE username = ? AND deleted = 0
==> Parameters: admin(String)
==> Parameters: admin(String)
<==    Columns: id, username, real_name, phone, password, status, error_count, locked_until, deleted, created_time, updated_time
<==    Columns: id, username, real_name, phone, password, status, error_count, locked_until, deleted, created_time, updated_time
<==        Row: 1, admin, System Admin, 13800000000, $2a$10$CHHVPySZmO5DsDtGjAXwXugfDw4hPiI4HiOGoc8MSuyJqVM1e000q, 1, 0, null, 0, 2026-05-27 14:37:46, 2026-05-27 14:37:46
<==        Row: 1, admin, System Admin, 13800000000, $2a$10$CHHVPySZmO5DsDtGjAXwXugfDw4hPiI4HiOGoc8MSuyJqVM1e000q, 1, 0, null, 0, 2026-05-27 14:37:46, 2026-05-27 14:37:46
<==      Total: 1
<==      Total: 1
Closing non transactional SqlSession [org.apache.ibatis.session.defaults.DefaultSqlSession@5bb8bcd8]
Closing non transactional SqlSession [org.apache.ibatis.session.defaults.DefaultSqlSession@73f3fb7]
Creating a new SqlSession
Creating a new SqlSession
SqlSession [org.apache.ibatis.session.defaults.DefaultSqlSession@42d3d6d2] was not registered for synchronization because synchronization is not active
SqlSession [org.apache.ibatis.session.defaults.DefaultSqlSession@9b618b1] was not registered for synchronization because synchronization is not active
JDBC Connection [com.alibaba.druid.pool.DruidStatementConnection@519d8ae2] will not be managed by Spring
JDBC Connection [com.alibaba.druid.pool.DruidStatementConnection@63316ce7] will not be managed by Spring
==>  Preparing: SELECT DISTINCT m.perm_code FROM sys_menu m INNER JOIN sys_role_menu rm ON m.id = rm.menu_id INNER JOIN sys_user_role ur ON rm.role_id = ur.role_id WHERE ur.user_id = ? AND m.perm_code IS NOT NULL AND m.perm_code != ''
==>  Preparing: SELECT DISTINCT m.perm_code FROM sys_menu m INNER JOIN sys_role_menu rm ON m.id = rm.menu_id INNER JOIN sys_user_role ur ON rm.role_id = ur.role_id WHERE ur.user_id = ? AND m.perm_code IS NOT NULL AND m.perm_code != ''
==> Parameters: 1(Long)
==> Parameters: 1(Long)
<==    Columns: perm_code
<==        Row: system:user:list
<==    Columns: perm_code
<==        Row: system:user:list
<==        Row: system:user:add
<==        Row: system:user:add
<==        Row: system:user:edit
<==        Row: system:user:delete
<==        Row: system:user:edit
<==        Row: system:role:list
<==        Row: system:role:add
<==        Row: system:user:delete
<==        Row: system:role:list
<==        Row: system:role:add
<==        Row: system:role:edit
<==        Row: system:role:delete
<==        Row: system:role:edit
<==        Row: system:menu:list
<==        Row: system:role:delete
<==        Row: system:menu:list
<==        Row: system:menu:add
<==        Row: system:menu:add
<==        Row: system:menu:edit
<==        Row: system:menu:edit
<==        Row: system:menu:delete
<==        Row: job:job:list
<==        Row: system:menu:delete
<==        Row: job:job:list
<==        Row: job:job:add
<==        Row: job:job:add
<==        Row: job:job:edit
<==        Row: job:job:edit
<==        Row: job:job:delete
<==        Row: job:job:delete
<==        Row: job:job:publish
<==        Row: job:job:publish
<==        Row: job:job:close
<==        Row: resume:resume:list
<==        Row: job:job:close
<==        Row: resume:resume:list
<==        Row: resume:resume:add
<==        Row: resume:resume:add
<==        Row: resume:resume:edit
<==        Row: resume:resume:delete
<==        Row: resume:resume:export
<==        Row: match:match:execute
<==        Row: match:config:view
<==        Row: match:config:edit
<==        Row: application:list
<==        Row: resume:resume:edit
<==        Row: resume:resume:delete
<==        Row: resume:resume:export
<==        Row: application:add
<==        Row: application:edit
<==        Row: interview:list
<==        Row: interview:add
<==        Row: match:match:execute
<==        Row: interview:edit
<==        Row: stats:dashboard:view
<==        Row: match:config:view
<==        Row: match:config:edit
<==        Row: application:list
<==        Row: application:add
<==        Row: application:edit
<==        Row: interview:list
<==        Row: stats:report:view
<==        Row: stats:report:export
<==      Total: 35
<==        Row: interview:add
<==        Row: interview:edit
<==        Row: stats:dashboard:view
<==        Row: stats:report:view
<==        Row: stats:report:export
<==      Total: 35
Closing non transactional SqlSession [org.apache.ibatis.session.defaults.DefaultSqlSession@9b618b1]
Closing non transactional SqlSession [org.apache.ibatis.session.defaults.DefaultSqlSession@42d3d6d2]
Creating a new SqlSession
SqlSession [org.apache.ibatis.session.defaults.DefaultSqlSession@4467ec99] was not registered for synchronization because synchronization is not active
JDBC Connection [com.alibaba.druid.pool.DruidStatementConnection@63316ce7] will not be managed by Spring
==>  Preparing: SELECT * FROM sys_role ORDER BY id
Creating a new SqlSession
==> Parameters: 
SqlSession [org.apache.ibatis.session.defaults.DefaultSqlSession@4b0c2c7a] was not registered for synchronization because synchronization is not active
Cache Hit Ratio [SQL_CACHE]: 0.7222222222222222
JDBC Connection [com.alibaba.druid.pool.DruidStatementConnection@519d8ae2] will not be managed by Spring
==>  Preparing: SELECT count(0) FROM sys_user WHERE deleted = 0
==> Parameters: 
<==    Columns: count(0)
<==        Row: 1
<==    Columns: id, role_name, role_code, builtin, status, remark, created_time, updated_time
<==      Total: 1
==>  Preparing: SELECT * FROM sys_user WHERE deleted = 0 ORDER BY created_time DESC LIMIT ?
<==        Row: 1, Super Admin, SUPER_ADMIN, 1, 1, Built-in super admin, 2026-05-27 14:37:46, 2026-05-27 14:37:46
==> Parameters: 10(Integer)
<==        Row: 2, HR Admin, HR_ADMIN, 0, 1, HR admin, 2026-05-27 14:37:46, 2026-05-27 14:37:46
<==        Row: 3, HR Staff, HR_STAFF, 0, 1, HR staff, 2026-05-27 14:37:46, 2026-05-27 14:37:46
<==      Total: 3
Closing non transactional SqlSession [org.apache.ibatis.session.defaults.DefaultSqlSession@4467ec99]
<==    Columns: id, username, real_name, phone, password, status, error_count, locked_until, deleted, created_time, updated_time
<==        Row: 1, admin, System Admin, 13800000000, $2a$10$CHHVPySZmO5DsDtGjAXwXugfDw4hPiI4HiOGoc8MSuyJqVM1e000q, 1, 0, null, 0, 2026-05-27 14:37:46, 2026-05-27 14:37:46
<==      Total: 1
Closing non transactional SqlSession [org.apache.ibatis.session.defaults.DefaultSqlSession@4b0c2c7a]
Creating a new SqlSession
Creating a new SqlSession
SqlSession [org.apache.ibatis.session.defaults.DefaultSqlSession@16ce8788] was not registered for synchronization because synchronization is not active
SqlSession [org.apache.ibatis.session.defaults.DefaultSqlSession@1e307b0b] was not registered for synchronization because synchronization is not active
JDBC Connection [com.alibaba.druid.pool.DruidStatementConnection@63316ce7] will not be managed by Spring
JDBC Connection [com.alibaba.druid.pool.DruidStatementConnection@519d8ae2] will not be managed by Spring
==>  Preparing: SELECT * FROM sys_user WHERE username = ? AND deleted = 0
==>  Preparing: SELECT * FROM sys_user WHERE username = ? AND deleted = 0
==> Parameters: admin(String)
==> Parameters: admin(String)
<==    Columns: id, username, real_name, phone, password, status, error_count, locked_until, deleted, created_time, updated_time
<==    Columns: id, username, real_name, phone, password, status, error_count, locked_until, deleted, created_time, updated_time
<==        Row: 1, admin, System Admin, 13800000000, $2a$10$CHHVPySZmO5DsDtGjAXwXugfDw4hPiI4HiOGoc8MSuyJqVM1e000q, 1, 0, null, 0, 2026-05-27 14:37:46, 2026-05-27 14:37:46
<==        Row: 1, admin, System Admin, 13800000000, $2a$10$CHHVPySZmO5DsDtGjAXwXugfDw4hPiI4HiOGoc8MSuyJqVM1e000q, 1, 0, null, 0, 2026-05-27 14:37:46, 2026-05-27 14:37:46
<==      Total: 1
<==      Total: 1
Closing non transactional SqlSession [org.apache.ibatis.session.defaults.DefaultSqlSession@16ce8788]
Closing non transactional SqlSession [org.apache.ibatis.session.defaults.DefaultSqlSession@1e307b0b]
Creating a new SqlSession
Creating a new SqlSession
SqlSession [org.apache.ibatis.session.defaults.DefaultSqlSession@45a587eb] was not registered for synchronization because synchronization is not active
SqlSession [org.apache.ibatis.session.defaults.DefaultSqlSession@661e5986] was not registered for synchronization because synchronization is not active
JDBC Connection [com.alibaba.druid.pool.DruidStatementConnection@63316ce7] will not be managed by Spring
==>  Preparing: SELECT DISTINCT m.perm_code FROM sys_menu m INNER JOIN sys_role_menu rm ON m.id = rm.menu_id INNER JOIN sys_user_role ur ON rm.role_id = ur.role_id WHERE ur.user_id = ? AND m.perm_code IS NOT NULL AND m.perm_code != ''
JDBC Connection [com.alibaba.druid.pool.DruidStatementConnection@519d8ae2] will not be managed by Spring
==>  Preparing: SELECT DISTINCT m.perm_code FROM sys_menu m INNER JOIN sys_role_menu rm ON m.id = rm.menu_id INNER JOIN sys_user_role ur ON rm.role_id = ur.role_id WHERE ur.user_id = ? AND m.perm_code IS NOT NULL AND m.perm_code != ''
==> Parameters: 1(Long)
==> Parameters: 1(Long)
<==    Columns: perm_code
<==        Row: system:user:list
<==    Columns: perm_code
<==        Row: system:user:add
<==        Row: system:user:list
<==        Row: system:user:edit
<==        Row: system:user:add
<==        Row: system:user:edit
<==        Row: system:user:delete
<==        Row: system:role:list
<==        Row: system:role:add
<==        Row: system:role:edit
<==        Row: system:role:delete
<==        Row: system:menu:list
<==        Row: system:menu:add
<==        Row: system:menu:edit
<==        Row: system:menu:delete
<==        Row: system:user:delete
<==        Row: system:role:list
<==        Row: system:role:add
<==        Row: system:role:edit
<==        Row: system:role:delete
<==        Row: system:menu:list
<==        Row: job:job:list
<==        Row: job:job:add
<==        Row: job:job:edit
<==        Row: system:menu:add
<==        Row: system:menu:edit
<==        Row: system:menu:delete
<==        Row: job:job:delete
<==        Row: job:job:publish
<==        Row: job:job:close
<==        Row: resume:resume:list
<==        Row: job:job:list
<==        Row: job:job:add
<==        Row: job:job:edit
<==        Row: resume:resume:add
<==        Row: resume:resume:edit
<==        Row: resume:resume:delete
<==        Row: resume:resume:export
<==        Row: match:match:execute
<==        Row: match:config:view
<==        Row: job:job:delete
<==        Row: job:job:publish
<==        Row: job:job:close
<==        Row: resume:resume:list
<==        Row: resume:resume:add
<==        Row: resume:resume:edit
<==        Row: resume:resume:delete
<==        Row: resume:resume:export
<==        Row: match:match:execute
<==        Row: match:config:view
<==        Row: match:config:edit
<==        Row: application:list
<==        Row: application:add
<==        Row: application:edit
<==        Row: match:config:edit
<==        Row: application:list
<==        Row: application:add
<==        Row: application:edit
<==        Row: interview:list
<==        Row: interview:add
<==        Row: interview:edit
<==        Row: stats:dashboard:view
<==        Row: stats:report:view
<==        Row: stats:report:export
<==      Total: 35
<==        Row: interview:list
<==        Row: interview:add
<==        Row: interview:edit
<==        Row: stats:dashboard:view
<==        Row: stats:report:view
<==        Row: stats:report:export
<==      Total: 35
Closing non transactional SqlSession [org.apache.ibatis.session.defaults.DefaultSqlSession@661e5986]
Closing non transactional SqlSession [org.apache.ibatis.session.defaults.DefaultSqlSession@45a587eb]
Creating a new SqlSession
Creating a new SqlSession
SqlSession [org.apache.ibatis.session.defaults.DefaultSqlSession@e40de04] was not registered for synchronization because synchronization is not active
SqlSession [org.apache.ibatis.session.defaults.DefaultSqlSession@5e3b79b1] was not registered for synchronization because synchronization is not active
JDBC Connection [com.alibaba.druid.pool.DruidStatementConnection@519d8ae2] will not be managed by Spring
JDBC Connection [com.alibaba.druid.pool.DruidStatementConnection@63316ce7] will not be managed by Spring
==>  Preparing: SELECT * FROM sys_menu ORDER BY parent_id, sort
==>  Preparing: SELECT * FROM sys_role ORDER BY id
==> Parameters: 
==> Parameters: 
<==    Columns: id, role_name, role_code, builtin, status, remark, created_time, updated_time
<==    Columns: id, parent_id, menu_type, menu_name, path, perm_code, icon, sort
<==        Row: 1, 0, 0, System, /system, null, setting, 1
<==        Row: 1, Super Admin, SUPER_ADMIN, 1, 1, Built-in super admin, 2026-05-27 14:37:46, 2026-05-27 14:37:46
<==        Row: 2, HR Admin, HR_ADMIN, 0, 1, HR admin, 2026-05-27 14:37:46, 2026-05-27 14:37:46
<==        Row: 2, 0, 0, Jobs, /jobs, null, briefcase, 2
<==        Row: 3, HR Staff, HR_STAFF, 0, 1, HR staff, 2026-05-27 14:37:46, 2026-05-27 14:37:46
<==        Row: 3, 0, 0, Resumes, /resumes, null, file, 3
<==      Total: 3
<==        Row: 4, 0, 0, Match, /match, null, search, 4
<==        Row: 5, 0, 0, Recruitment Flow, /flow, null, flow, 5
<==        Row: 6, 0, 0, Reports, /stats, null, bar-chart, 6
<==        Row: 11, 1, 1, Users, /system/users, null, user, 1
<==        Row: 12, 1, 1, Roles, /system/roles, null, team, 2
<==        Row: 13, 1, 1, Menus, /system/menus, null, menu, 3
<==        Row: 21, 2, 1, Job Management, /jobs/list, null, briefcase, 1
<==        Row: 31, 3, 1, Resume Management, /resumes/list, null, file, 1
<==        Row: 41, 4, 1, Match Management, /match/list, null, search, 1
Closing non transactional SqlSession [org.apache.ibatis.session.defaults.DefaultSqlSession@5e3b79b1]
<==        Row: 51, 5, 1, Applications, /applications, null, ordered-list, 1
<==        Row: 52, 5, 1, Interviews, /interviews, null, calendar, 2
<==        Row: 61, 6, 1, Dashboard, /stats/dashboard, null, dashboard, 1
<==        Row: 62, 6, 1, Source Report, /stats/source, null, pie-chart, 2
<==        Row: 1101, 11, 2, User List, null, system:user:list, null, 1
<==        Row: 1102, 11, 2, User Add, null, system:user:add, null, 2
<==        Row: 1103, 11, 2, User Edit, null, system:user:edit, null, 3
<==        Row: 1104, 11, 2, User Delete, null, system:user:delete, null, 4
<==        Row: 1201, 12, 2, Role List, null, system:role:list, null, 1
<==        Row: 1202, 12, 2, Role Add, null, system:role:add, null, 2
<==        Row: 1203, 12, 2, Role Edit, null, system:role:edit, null, 3
<==        Row: 1204, 12, 2, Role Delete, null, system:role:delete, null, 4
<==        Row: 1301, 13, 2, Menu List, null, system:menu:list, null, 1
<==        Row: 1302, 13, 2, Menu Add, null, system:menu:add, null, 2
<==        Row: 1303, 13, 2, Menu Edit, null, system:menu:edit, null, 3
<==        Row: 1304, 13, 2, Menu Delete, null, system:menu:delete, null, 4
<==        Row: 2101, 21, 2, Job List, null, job:job:list, null, 1
<==        Row: 2102, 21, 2, Job Add, null, job:job:add, null, 2
<==        Row: 2103, 21, 2, Job Edit, null, job:job:edit, null, 3
<==        Row: 2104, 21, 2, Job Delete, null, job:job:delete, null, 4
<==        Row: 2105, 21, 2, Job Publish, null, job:job:publish, null, 5
<==        Row: 2106, 21, 2, Job Close, null, job:job:close, null, 6
<==        Row: 3101, 31, 2, Resume List, null, resume:resume:list, null, 1
<==        Row: 3102, 31, 2, Resume Add, null, resume:resume:add, null, 2
<==        Row: 3103, 31, 2, Resume Edit, null, resume:resume:edit, null, 3
<==        Row: 3104, 31, 2, Resume Delete, null, resume:resume:delete, null, 4
<==        Row: 3105, 31, 2, Resume Export, null, resume:resume:export, null, 5
<==        Row: 4101, 41, 2, Match Execute, null, match:match:execute, null, 1
<==        Row: 4102, 41, 2, Match Config View, null, match:config:view, null, 2
<==        Row: 4103, 41, 2, Match Config Edit, null, match:config:edit, null, 3
<==        Row: 5101, 51, 2, Application List, null, application:list, null, 1
<==        Row: 5102, 51, 2, Application Add, null, application:add, null, 2
<==        Row: 5103, 51, 2, Application Edit, null, application:edit, null, 3
<==        Row: 5201, 52, 2, Interview List, null, interview:list, null, 1
<==        Row: 5202, 52, 2, Interview Add, null, interview:add, null, 2
<==        Row: 5203, 52, 2, Interview Edit, null, interview:edit, null, 3
<==        Row: 6101, 61, 2, Dashboard View, null, stats:dashboard:view, null, 1
<==        Row: 6201, 62, 2, Source Report View, null, stats:report:view, null, 1
<==        Row: 6202, 62, 2, Source Report Export, null, stats:report:export, null, 2
<==      Total: 51
Closing non transactional SqlSession [org.apache.ibatis.session.defaults.DefaultSqlSession@e40de04]
Creating a new SqlSession
SqlSession [org.apache.ibatis.session.defaults.DefaultSqlSession@617b017a] was not registered for synchronization because synchronization is not active
JDBC Connection [com.alibaba.druid.pool.DruidStatementConnection@519d8ae2] will not be managed by Spring
==>  Preparing: SELECT * FROM sys_user WHERE username = ? AND deleted = 0
==> Parameters: admin(String)
<==    Columns: id, username, real_name, phone, password, status, error_count, locked_until, deleted, created_time, updated_time
<==        Row: 1, admin, System Admin, 13800000000, $2a$10$CHHVPySZmO5DsDtGjAXwXugfDw4hPiI4HiOGoc8MSuyJqVM1e000q, 1, 0, null, 0, 2026-05-27 14:37:46, 2026-05-27 14:37:46
<==      Total: 1
Closing non transactional SqlSession [org.apache.ibatis.session.defaults.DefaultSqlSession@617b017a]
Creating a new SqlSession
SqlSession [org.apache.ibatis.session.defaults.DefaultSqlSession@2aa86c96] was not registered for synchronization because synchronization is not active
JDBC Connection [com.alibaba.druid.pool.DruidStatementConnection@519d8ae2] will not be managed by Spring
==>  Preparing: SELECT DISTINCT m.perm_code FROM sys_menu m INNER JOIN sys_role_menu rm ON m.id = rm.menu_id INNER JOIN sys_user_role ur ON rm.role_id = ur.role_id WHERE ur.user_id = ? AND m.perm_code IS NOT NULL AND m.perm_code != ''
==> Parameters: 1(Long)
<==    Columns: perm_code
<==        Row: system:user:list
<==        Row: system:user:add
<==        Row: system:user:edit
<==        Row: system:user:delete
<==        Row: system:role:list
<==        Row: system:role:add
<==        Row: system:role:edit
<==        Row: system:role:delete
<==        Row: system:menu:list
<==        Row: system:menu:add
<==        Row: system:menu:edit
<==        Row: system:menu:delete
<==        Row: job:job:list
<==        Row: job:job:add
<==        Row: job:job:edit
<==        Row: job:job:delete
<==        Row: job:job:publish
<==        Row: job:job:close
<==        Row: resume:resume:list
<==        Row: resume:resume:add
<==        Row: resume:resume:edit
<==        Row: resume:resume:delete
<==        Row: resume:resume:export
<==        Row: match:match:execute
<==        Row: match:config:view
<==        Row: match:config:edit
<==        Row: application:list
<==        Row: application:add
<==        Row: application:edit
<==        Row: interview:list
<==        Row: interview:add
<==        Row: interview:edit
<==        Row: stats:dashboard:view
<==        Row: stats:report:view
<==        Row: stats:report:export
<==      Total: 35
Closing non transactional SqlSession [org.apache.ibatis.session.defaults.DefaultSqlSession@2aa86c96]
Creating a new SqlSession
SqlSession [org.apache.ibatis.session.defaults.DefaultSqlSession@4f23ed6a] was not registered for synchronization because synchronization is not active
JDBC Connection [com.alibaba.druid.pool.DruidStatementConnection@519d8ae2] will not be managed by Spring
==>  Preparing: SELECT * FROM sys_menu ORDER BY parent_id, sort
==> Parameters: 
<==    Columns: id, parent_id, menu_type, menu_name, path, perm_code, icon, sort
<==        Row: 1, 0, 0, System, /system, null, setting, 1
<==        Row: 2, 0, 0, Jobs, /jobs, null, briefcase, 2
<==        Row: 3, 0, 0, Resumes, /resumes, null, file, 3
<==        Row: 4, 0, 0, Match, /match, null, search, 4
<==        Row: 5, 0, 0, Recruitment Flow, /flow, null, flow, 5
<==        Row: 6, 0, 0, Reports, /stats, null, bar-chart, 6
<==        Row: 11, 1, 1, Users, /system/users, null, user, 1
<==        Row: 12, 1, 1, Roles, /system/roles, null, team, 2
<==        Row: 13, 1, 1, Menus, /system/menus, null, menu, 3
<==        Row: 21, 2, 1, Job Management, /jobs/list, null, briefcase, 1
<==        Row: 31, 3, 1, Resume Management, /resumes/list, null, file, 1
<==        Row: 41, 4, 1, Match Management, /match/list, null, search, 1
<==        Row: 51, 5, 1, Applications, /applications, null, ordered-list, 1
<==        Row: 52, 5, 1, Interviews, /interviews, null, calendar, 2
<==        Row: 61, 6, 1, Dashboard, /stats/dashboard, null, dashboard, 1
<==        Row: 62, 6, 1, Source Report, /stats/source, null, pie-chart, 2
<==        Row: 1101, 11, 2, User List, null, system:user:list, null, 1
<==        Row: 1102, 11, 2, User Add, null, system:user:add, null, 2
<==        Row: 1103, 11, 2, User Edit, null, system:user:edit, null, 3
<==        Row: 1104, 11, 2, User Delete, null, system:user:delete, null, 4
<==        Row: 1201, 12, 2, Role List, null, system:role:list, null, 1
<==        Row: 1202, 12, 2, Role Add, null, system:role:add, null, 2
<==        Row: 1203, 12, 2, Role Edit, null, system:role:edit, null, 3
<==        Row: 1204, 12, 2, Role Delete, null, system:role:delete, null, 4
<==        Row: 1301, 13, 2, Menu List, null, system:menu:list, null, 1
<==        Row: 1302, 13, 2, Menu Add, null, system:menu:add, null, 2
<==        Row: 1303, 13, 2, Menu Edit, null, system:menu:edit, null, 3
<==        Row: 1304, 13, 2, Menu Delete, null, system:menu:delete, null, 4
<==        Row: 2101, 21, 2, Job List, null, job:job:list, null, 1
<==        Row: 2102, 21, 2, Job Add, null, job:job:add, null, 2
<==        Row: 2103, 21, 2, Job Edit, null, job:job:edit, null, 3
<==        Row: 2104, 21, 2, Job Delete, null, job:job:delete, null, 4
<==        Row: 2105, 21, 2, Job Publish, null, job:job:publish, null, 5
<==        Row: 2106, 21, 2, Job Close, null, job:job:close, null, 6
<==        Row: 3101, 31, 2, Resume List, null, resume:resume:list, null, 1
<==        Row: 3102, 31, 2, Resume Add, null, resume:resume:add, null, 2
<==        Row: 3103, 31, 2, Resume Edit, null, resume:resume:edit, null, 3
<==        Row: 3104, 31, 2, Resume Delete, null, resume:resume:delete, null, 4
<==        Row: 3105, 31, 2, Resume Export, null, resume:resume:export, null, 5
<==        Row: 4101, 41, 2, Match Execute, null, match:match:execute, null, 1
<==        Row: 4102, 41, 2, Match Config View, null, match:config:view, null, 2
<==        Row: 4103, 41, 2, Match Config Edit, null, match:config:edit, null, 3
<==        Row: 5101, 51, 2, Application List, null, application:list, null, 1
<==        Row: 5102, 51, 2, Application Add, null, application:add, null, 2
<==        Row: 5103, 51, 2, Application Edit, null, application:edit, null, 3
<==        Row: 5201, 52, 2, Interview List, null, interview:list, null, 1
<==        Row: 5202, 52, 2, Interview Add, null, interview:add, null, 2
<==        Row: 5203, 52, 2, Interview Edit, null, interview:edit, null, 3
<==        Row: 6101, 61, 2, Dashboard View, null, stats:dashboard:view, null, 1
<==        Row: 6201, 62, 2, Source Report View, null, stats:report:view, null, 1
<==        Row: 6202, 62, 2, Source Report Export, null, stats:report:export, null, 2
<==      Total: 51
Closing non transactional SqlSession [org.apache.ibatis.session.defaults.DefaultSqlSession@4f23ed6a]
Creating a new SqlSession
Creating a new SqlSession
SqlSession [org.apache.ibatis.session.defaults.DefaultSqlSession@38995697] was not registered for synchronization because synchronization is not active
SqlSession [org.apache.ibatis.session.defaults.DefaultSqlSession@7d69bd17] was not registered for synchronization because synchronization is not active
JDBC Connection [com.alibaba.druid.pool.DruidStatementConnection@63316ce7] will not be managed by Spring
JDBC Connection [com.alibaba.druid.pool.DruidStatementConnection@519d8ae2] will not be managed by Spring
==>  Preparing: SELECT * FROM sys_user WHERE username = ? AND deleted = 0
==>  Preparing: SELECT * FROM sys_user WHERE username = ? AND deleted = 0
==> Parameters: admin(String)
==> Parameters: admin(String)
<==    Columns: id, username, real_name, phone, password, status, error_count, locked_until, deleted, created_time, updated_time
<==    Columns: id, username, real_name, phone, password, status, error_count, locked_until, deleted, created_time, updated_time
<==        Row: 1, admin, System Admin, 13800000000, $2a$10$CHHVPySZmO5DsDtGjAXwXugfDw4hPiI4HiOGoc8MSuyJqVM1e000q, 1, 0, null, 0, 2026-05-27 14:37:46, 2026-05-27 14:37:46
<==        Row: 1, admin, System Admin, 13800000000, $2a$10$CHHVPySZmO5DsDtGjAXwXugfDw4hPiI4HiOGoc8MSuyJqVM1e000q, 1, 0, null, 0, 2026-05-27 14:37:46, 2026-05-27 14:37:46
<==      Total: 1
<==      Total: 1
Closing non transactional SqlSession [org.apache.ibatis.session.defaults.DefaultSqlSession@38995697]
Closing non transactional SqlSession [org.apache.ibatis.session.defaults.DefaultSqlSession@7d69bd17]
Creating a new SqlSession
Creating a new SqlSession
SqlSession [org.apache.ibatis.session.defaults.DefaultSqlSession@6f3a7634] was not registered for synchronization because synchronization is not active
SqlSession [org.apache.ibatis.session.defaults.DefaultSqlSession@2c75d0ff] was not registered for synchronization because synchronization is not active
JDBC Connection [com.alibaba.druid.pool.DruidStatementConnection@519d8ae2] will not be managed by Spring
JDBC Connection [com.alibaba.druid.pool.DruidStatementConnection@63316ce7] will not be managed by Spring
==>  Preparing: SELECT DISTINCT m.perm_code FROM sys_menu m INNER JOIN sys_role_menu rm ON m.id = rm.menu_id INNER JOIN sys_user_role ur ON rm.role_id = ur.role_id WHERE ur.user_id = ? AND m.perm_code IS NOT NULL AND m.perm_code != ''
==>  Preparing: SELECT DISTINCT m.perm_code FROM sys_menu m INNER JOIN sys_role_menu rm ON m.id = rm.menu_id INNER JOIN sys_user_role ur ON rm.role_id = ur.role_id WHERE ur.user_id = ? AND m.perm_code IS NOT NULL AND m.perm_code != ''
==> Parameters: 1(Long)
==> Parameters: 1(Long)
<==    Columns: perm_code
<==    Columns: perm_code
<==        Row: system:user:list
<==        Row: system:user:list
<==        Row: system:user:add
<==        Row: system:user:add
<==        Row: system:user:edit
<==        Row: system:user:delete
<==        Row: system:role:list
<==        Row: system:user:edit
<==        Row: system:user:delete
<==        Row: system:role:list
<==        Row: system:role:add
<==        Row: system:role:edit
<==        Row: system:role:delete
<==        Row: system:menu:list
<==        Row: system:role:add
<==        Row: system:menu:add
<==        Row: system:menu:edit
<==        Row: system:menu:delete
<==        Row: system:role:edit
<==        Row: system:role:delete
<==        Row: system:menu:list
<==        Row: job:job:list
<==        Row: job:job:add
<==        Row: job:job:edit
<==        Row: system:menu:add
<==        Row: system:menu:edit
<==        Row: system:menu:delete
<==        Row: job:job:list
<==        Row: job:job:delete
<==        Row: job:job:publish
<==        Row: job:job:add
<==        Row: job:job:edit
<==        Row: job:job:delete
<==        Row: job:job:close
<==        Row: resume:resume:list
<==        Row: resume:resume:add
<==        Row: job:job:publish
<==        Row: job:job:close
<==        Row: resume:resume:list
<==        Row: resume:resume:add
<==        Row: resume:resume:edit
<==        Row: resume:resume:delete
<==        Row: resume:resume:edit
<==        Row: resume:resume:export
<==        Row: resume:resume:delete
<==        Row: match:match:execute
<==        Row: match:config:view
<==        Row: match:config:edit
<==        Row: application:list
<==        Row: application:add
<==        Row: resume:resume:export
<==        Row: application:edit
<==        Row: match:match:execute
<==        Row: match:config:view
<==        Row: interview:list
<==        Row: match:config:edit
<==        Row: interview:add
<==        Row: application:list
<==        Row: interview:edit
<==        Row: stats:dashboard:view
<==        Row: stats:report:view
<==        Row: stats:report:export
<==        Row: application:add
<==        Row: application:edit
<==        Row: interview:list
<==      Total: 35
<==        Row: interview:add
<==        Row: interview:edit
<==        Row: stats:dashboard:view
<==        Row: stats:report:view
<==        Row: stats:report:export
<==      Total: 35
Closing non transactional SqlSession [org.apache.ibatis.session.defaults.DefaultSqlSession@2c75d0ff]
Closing non transactional SqlSession [org.apache.ibatis.session.defaults.DefaultSqlSession@6f3a7634]
Creating a new SqlSession
SqlSession [org.apache.ibatis.session.defaults.DefaultSqlSession@7d3e6763] was not registered for synchronization because synchronization is not active
JDBC Connection [com.alibaba.druid.pool.DruidStatementConnection@63316ce7] will not be managed by Spring
==>  Preparing: SELECT * FROM sys_role ORDER BY id
==> Parameters: 
<==    Columns: id, role_name, role_code, builtin, status, remark, created_time, updated_time
<==        Row: 1, Super Admin, SUPER_ADMIN, 1, 1, Built-in super admin, 2026-05-27 14:37:46, 2026-05-27 14:37:46
Creating a new SqlSession
SqlSession [org.apache.ibatis.session.defaults.DefaultSqlSession@27a02336] was not registered for synchronization because synchronization is not active
<==        Row: 2, HR Admin, HR_ADMIN, 0, 1, HR admin, 2026-05-27 14:37:46, 2026-05-27 14:37:46
Cache Hit Ratio [SQL_CACHE]: 0.7368421052631579
<==        Row: 3, HR Staff, HR_STAFF, 0, 1, HR staff, 2026-05-27 14:37:46, 2026-05-27 14:37:46
<==      Total: 3
Closing non transactional SqlSession [org.apache.ibatis.session.defaults.DefaultSqlSession@7d3e6763]
JDBC Connection [com.alibaba.druid.pool.DruidStatementConnection@63316ce7] will not be managed by Spring
==>  Preparing: SELECT count(0) FROM sys_user WHERE deleted = 0
==> Parameters: 
<==    Columns: count(0)
<==        Row: 1
<==      Total: 1
==>  Preparing: SELECT * FROM sys_user WHERE deleted = 0 ORDER BY created_time DESC LIMIT ?
==> Parameters: 10(Integer)
<==    Columns: id, username, real_name, phone, password, status, error_count, locked_until, deleted, created_time, updated_time
<==        Row: 1, admin, System Admin, 13800000000, $2a$10$CHHVPySZmO5DsDtGjAXwXugfDw4hPiI4HiOGoc8MSuyJqVM1e000q, 1, 0, null, 0, 2026-05-27 14:37:46, 2026-05-27 14:37:46
<==      Total: 1
Closing non transactional SqlSession [org.apache.ibatis.session.defaults.DefaultSqlSession@27a02336]
Creating a new SqlSession
Creating a new SqlSession
SqlSession [org.apache.ibatis.session.defaults.DefaultSqlSession@3ce1d151] was not registered for synchronization because synchronization is not active
SqlSession [org.apache.ibatis.session.defaults.DefaultSqlSession@5651d0ad] was not registered for synchronization because synchronization is not active
JDBC Connection [com.alibaba.druid.pool.DruidStatementConnection@519d8ae2] will not be managed by Spring
JDBC Connection [com.alibaba.druid.pool.DruidStatementConnection@63316ce7] will not be managed by Spring
==>  Preparing: SELECT * FROM sys_user WHERE username = ? AND deleted = 0
==>  Preparing: SELECT * FROM sys_user WHERE username = ? AND deleted = 0
==> Parameters: admin(String)
==> Parameters: admin(String)
<==    Columns: id, username, real_name, phone, password, status, error_count, locked_until, deleted, created_time, updated_time
<==    Columns: id, username, real_name, phone, password, status, error_count, locked_until, deleted, created_time, updated_time
<==        Row: 1, admin, System Admin, 13800000000, $2a$10$CHHVPySZmO5DsDtGjAXwXugfDw4hPiI4HiOGoc8MSuyJqVM1e000q, 1, 0, null, 0, 2026-05-27 14:37:46, 2026-05-27 14:37:46
<==        Row: 1, admin, System Admin, 13800000000, $2a$10$CHHVPySZmO5DsDtGjAXwXugfDw4hPiI4HiOGoc8MSuyJqVM1e000q, 1, 0, null, 0, 2026-05-27 14:37:46, 2026-05-27 14:37:46
<==      Total: 1
<==      Total: 1
Closing non transactional SqlSession [org.apache.ibatis.session.defaults.DefaultSqlSession@3ce1d151]
Closing non transactional SqlSession [org.apache.ibatis.session.defaults.DefaultSqlSession@5651d0ad]
Creating a new SqlSession
SqlSession [org.apache.ibatis.session.defaults.DefaultSqlSession@7e812c67] was not registered for synchronization because synchronization is not active
Creating a new SqlSession
SqlSession [org.apache.ibatis.session.defaults.DefaultSqlSession@319fd935] was not registered for synchronization because synchronization is not active
JDBC Connection [com.alibaba.druid.pool.DruidStatementConnection@519d8ae2] will not be managed by Spring
JDBC Connection [com.alibaba.druid.pool.DruidStatementConnection@63316ce7] will not be managed by Spring
==>  Preparing: SELECT DISTINCT m.perm_code FROM sys_menu m INNER JOIN sys_role_menu rm ON m.id = rm.menu_id INNER JOIN sys_user_role ur ON rm.role_id = ur.role_id WHERE ur.user_id = ? AND m.perm_code IS NOT NULL AND m.perm_code != ''
==>  Preparing: SELECT DISTINCT m.perm_code FROM sys_menu m INNER JOIN sys_role_menu rm ON m.id = rm.menu_id INNER JOIN sys_user_role ur ON rm.role_id = ur.role_id WHERE ur.user_id = ? AND m.perm_code IS NOT NULL AND m.perm_code != ''
==> Parameters: 1(Long)
==> Parameters: 1(Long)
<==    Columns: perm_code
<==    Columns: perm_code
<==        Row: system:user:list
<==        Row: system:user:list
<==        Row: system:user:add
<==        Row: system:user:add
<==        Row: system:user:edit
<==        Row: system:user:delete
<==        Row: system:role:list
<==        Row: system:role:add
<==        Row: system:role:edit
<==        Row: system:role:delete
<==        Row: system:menu:list
<==        Row: system:menu:add
<==        Row: system:menu:edit
<==        Row: system:menu:delete
<==        Row: job:job:list
<==        Row: system:user:edit
<==        Row: system:user:delete
<==        Row: system:role:list
<==        Row: system:role:add
<==        Row: job:job:add
<==        Row: job:job:edit
<==        Row: job:job:delete
<==        Row: job:job:publish
<==        Row: job:job:close
<==        Row: resume:resume:list
<==        Row: resume:resume:add
<==        Row: resume:resume:edit
<==        Row: resume:resume:delete
<==        Row: resume:resume:export
<==        Row: system:role:edit
<==        Row: system:role:delete
<==        Row: system:menu:list
<==        Row: system:menu:add
<==        Row: system:menu:edit
<==        Row: system:menu:delete
<==        Row: job:job:list
<==        Row: job:job:add
<==        Row: job:job:edit
<==        Row: job:job:delete
<==        Row: job:job:publish
<==        Row: match:match:execute
<==        Row: match:config:view
<==        Row: match:config:edit
<==        Row: application:list
<==        Row: application:add
<==        Row: application:edit
<==        Row: job:job:close
<==        Row: resume:resume:list
<==        Row: resume:resume:add
<==        Row: resume:resume:edit
<==        Row: interview:list
<==        Row: resume:resume:delete
<==        Row: resume:resume:export
<==        Row: match:match:execute
<==        Row: match:config:view
<==        Row: match:config:edit
<==        Row: interview:add
<==        Row: application:list
<==        Row: application:add
<==        Row: application:edit
<==        Row: interview:list
<==        Row: interview:edit
<==        Row: stats:dashboard:view
<==        Row: stats:report:view
<==        Row: stats:report:export
<==      Total: 35
<==        Row: interview:add
<==        Row: interview:edit
<==        Row: stats:dashboard:view
<==        Row: stats:report:view
<==        Row: stats:report:export
<==      Total: 35
Closing non transactional SqlSession [org.apache.ibatis.session.defaults.DefaultSqlSession@7e812c67]
Closing non transactional SqlSession [org.apache.ibatis.session.defaults.DefaultSqlSession@319fd935]
Creating a new SqlSession
Creating a new SqlSession
SqlSession [org.apache.ibatis.session.defaults.DefaultSqlSession@21468d13] was not registered for synchronization because synchronization is not active
SqlSession [org.apache.ibatis.session.defaults.DefaultSqlSession@10cb7734] was not registered for synchronization because synchronization is not active
JDBC Connection [com.alibaba.druid.pool.DruidStatementConnection@63316ce7] will not be managed by Spring
JDBC Connection [com.alibaba.druid.pool.DruidStatementConnection@519d8ae2] will not be managed by Spring
==>  Preparing: SELECT * FROM sys_role ORDER BY id
==>  Preparing: SELECT * FROM sys_menu ORDER BY parent_id, sort
==> Parameters: 
==> Parameters: 
<==    Columns: id, role_name, role_code, builtin, status, remark, created_time, updated_time
<==    Columns: id, parent_id, menu_type, menu_name, path, perm_code, icon, sort
<==        Row: 1, 0, 0, System, /system, null, setting, 1
<==        Row: 1, Super Admin, SUPER_ADMIN, 1, 1, Built-in super admin, 2026-05-27 14:37:46, 2026-05-27 14:37:46
<==        Row: 2, 0, 0, Jobs, /jobs, null, briefcase, 2
<==        Row: 3, 0, 0, Resumes, /resumes, null, file, 3
<==        Row: 4, 0, 0, Match, /match, null, search, 4
<==        Row: 5, 0, 0, Recruitment Flow, /flow, null, flow, 5
<==        Row: 6, 0, 0, Reports, /stats, null, bar-chart, 6
<==        Row: 11, 1, 1, Users, /system/users, null, user, 1
<==        Row: 12, 1, 1, Roles, /system/roles, null, team, 2
<==        Row: 13, 1, 1, Menus, /system/menus, null, menu, 3
<==        Row: 21, 2, 1, Job Management, /jobs/list, null, briefcase, 1
<==        Row: 31, 3, 1, Resume Management, /resumes/list, null, file, 1
<==        Row: 41, 4, 1, Match Management, /match/list, null, search, 1
<==        Row: 51, 5, 1, Applications, /applications, null, ordered-list, 1
<==        Row: 52, 5, 1, Interviews, /interviews, null, calendar, 2
<==        Row: 2, HR Admin, HR_ADMIN, 0, 1, HR admin, 2026-05-27 14:37:46, 2026-05-27 14:37:46
<==        Row: 61, 6, 1, Dashboard, /stats/dashboard, null, dashboard, 1
<==        Row: 62, 6, 1, Source Report, /stats/source, null, pie-chart, 2
<==        Row: 1101, 11, 2, User List, null, system:user:list, null, 1
<==        Row: 1102, 11, 2, User Add, null, system:user:add, null, 2
<==        Row: 3, HR Staff, HR_STAFF, 0, 1, HR staff, 2026-05-27 14:37:46, 2026-05-27 14:37:46
<==        Row: 1103, 11, 2, User Edit, null, system:user:edit, null, 3
<==        Row: 1104, 11, 2, User Delete, null, system:user:delete, null, 4
<==        Row: 1201, 12, 2, Role List, null, system:role:list, null, 1
<==      Total: 3
<==        Row: 1202, 12, 2, Role Add, null, system:role:add, null, 2
<==        Row: 1203, 12, 2, Role Edit, null, system:role:edit, null, 3
<==        Row: 1204, 12, 2, Role Delete, null, system:role:delete, null, 4
<==        Row: 1301, 13, 2, Menu List, null, system:menu:list, null, 1
Closing non transactional SqlSession [org.apache.ibatis.session.defaults.DefaultSqlSession@10cb7734]
<==        Row: 1302, 13, 2, Menu Add, null, system:menu:add, null, 2
<==        Row: 1303, 13, 2, Menu Edit, null, system:menu:edit, null, 3
<==        Row: 1304, 13, 2, Menu Delete, null, system:menu:delete, null, 4
<==        Row: 2101, 21, 2, Job List, null, job:job:list, null, 1
<==        Row: 2102, 21, 2, Job Add, null, job:job:add, null, 2
<==        Row: 2103, 21, 2, Job Edit, null, job:job:edit, null, 3
<==        Row: 2104, 21, 2, Job Delete, null, job:job:delete, null, 4
<==        Row: 2105, 21, 2, Job Publish, null, job:job:publish, null, 5
<==        Row: 2106, 21, 2, Job Close, null, job:job:close, null, 6
<==        Row: 3101, 31, 2, Resume List, null, resume:resume:list, null, 1
<==        Row: 3102, 31, 2, Resume Add, null, resume:resume:add, null, 2
<==        Row: 3103, 31, 2, Resume Edit, null, resume:resume:edit, null, 3
<==        Row: 3104, 31, 2, Resume Delete, null, resume:resume:delete, null, 4
<==        Row: 3105, 31, 2, Resume Export, null, resume:resume:export, null, 5
<==        Row: 4101, 41, 2, Match Execute, null, match:match:execute, null, 1
<==        Row: 4102, 41, 2, Match Config View, null, match:config:view, null, 2
<==        Row: 4103, 41, 2, Match Config Edit, null, match:config:edit, null, 3
<==        Row: 5101, 51, 2, Application List, null, application:list, null, 1
<==        Row: 5102, 51, 2, Application Add, null, application:add, null, 2
<==        Row: 5103, 51, 2, Application Edit, null, application:edit, null, 3
<==        Row: 5201, 52, 2, Interview List, null, interview:list, null, 1
<==        Row: 5202, 52, 2, Interview Add, null, interview:add, null, 2
<==        Row: 5203, 52, 2, Interview Edit, null, interview:edit, null, 3
<==        Row: 6101, 61, 2, Dashboard View, null, stats:dashboard:view, null, 1
<==        Row: 6201, 62, 2, Source Report View, null, stats:report:view, null, 1
<==        Row: 6202, 62, 2, Source Report Export, null, stats:report:export, null, 2
<==      Total: 51
Closing non transactional SqlSession [org.apache.ibatis.session.defaults.DefaultSqlSession@21468d13]
Creating a new SqlSession
SqlSession [org.apache.ibatis.session.defaults.DefaultSqlSession@7171821b] was not registered for synchronization because synchronization is not active
JDBC Connection [com.alibaba.druid.pool.DruidStatementConnection@519d8ae2] will not be managed by Spring
==>  Preparing: SELECT * FROM sys_user WHERE username = ? AND deleted = 0
==> Parameters: admin(String)
<==    Columns: id, username, real_name, phone, password, status, error_count, locked_until, deleted, created_time, updated_time
<==        Row: 1, admin, System Admin, 13800000000, $2a$10$CHHVPySZmO5DsDtGjAXwXugfDw4hPiI4HiOGoc8MSuyJqVM1e000q, 1, 0, null, 0, 2026-05-27 14:37:46, 2026-05-27 14:37:46
<==      Total: 1
Closing non transactional SqlSession [org.apache.ibatis.session.defaults.DefaultSqlSession@7171821b]
Creating a new SqlSession
SqlSession [org.apache.ibatis.session.defaults.DefaultSqlSession@7be7b04c] was not registered for synchronization because synchronization is not active
JDBC Connection [com.alibaba.druid.pool.DruidStatementConnection@519d8ae2] will not be managed by Spring
==>  Preparing: SELECT DISTINCT m.perm_code FROM sys_menu m INNER JOIN sys_role_menu rm ON m.id = rm.menu_id INNER JOIN sys_user_role ur ON rm.role_id = ur.role_id WHERE ur.user_id = ? AND m.perm_code IS NOT NULL AND m.perm_code != ''
==> Parameters: 1(Long)
<==    Columns: perm_code
<==        Row: system:user:list
<==        Row: system:user:add
<==        Row: system:user:edit
<==        Row: system:user:delete
<==        Row: system:role:list
<==        Row: system:role:add
<==        Row: system:role:edit
<==        Row: system:role:delete
<==        Row: system:menu:list
<==        Row: system:menu:add
<==        Row: system:menu:edit
<==        Row: system:menu:delete
<==        Row: job:job:list
<==        Row: job:job:add
<==        Row: job:job:edit
<==        Row: job:job:delete
<==        Row: job:job:publish
<==        Row: job:job:close
<==        Row: resume:resume:list
<==        Row: resume:resume:add
<==        Row: resume:resume:edit
<==        Row: resume:resume:delete
<==        Row: resume:resume:export
<==        Row: match:match:execute
<==        Row: match:config:view
<==        Row: match:config:edit
<==        Row: application:list
<==        Row: application:add
<==        Row: application:edit
<==        Row: interview:list
<==        Row: interview:add
<==        Row: interview:edit
<==        Row: stats:dashboard:view
<==        Row: stats:report:view
<==        Row: stats:report:export
<==      Total: 35
Closing non transactional SqlSession [org.apache.ibatis.session.defaults.DefaultSqlSession@7be7b04c]
Creating a new SqlSession
SqlSession [org.apache.ibatis.session.defaults.DefaultSqlSession@5e60cef] was not registered for synchronization because synchronization is not active
JDBC Connection [com.alibaba.druid.pool.DruidStatementConnection@519d8ae2] will not be managed by Spring
==>  Preparing: SELECT * FROM sys_menu ORDER BY parent_id, sort
==> Parameters: 
<==    Columns: id, parent_id, menu_type, menu_name, path, perm_code, icon, sort
<==        Row: 1, 0, 0, System, /system, null, setting, 1
<==        Row: 2, 0, 0, Jobs, /jobs, null, briefcase, 2
<==        Row: 3, 0, 0, Resumes, /resumes, null, file, 3
<==        Row: 4, 0, 0, Match, /match, null, search, 4
<==        Row: 5, 0, 0, Recruitment Flow, /flow, null, flow, 5
<==        Row: 6, 0, 0, Reports, /stats, null, bar-chart, 6
<==        Row: 11, 1, 1, Users, /system/users, null, user, 1
<==        Row: 12, 1, 1, Roles, /system/roles, null, team, 2
<==        Row: 13, 1, 1, Menus, /system/menus, null, menu, 3
<==        Row: 21, 2, 1, Job Management, /jobs/list, null, briefcase, 1
<==        Row: 31, 3, 1, Resume Management, /resumes/list, null, file, 1
<==        Row: 41, 4, 1, Match Management, /match/list, null, search, 1
<==        Row: 51, 5, 1, Applications, /applications, null, ordered-list, 1
<==        Row: 52, 5, 1, Interviews, /interviews, null, calendar, 2
<==        Row: 61, 6, 1, Dashboard, /stats/dashboard, null, dashboard, 1
<==        Row: 62, 6, 1, Source Report, /stats/source, null, pie-chart, 2
<==        Row: 1101, 11, 2, User List, null, system:user:list, null, 1
<==        Row: 1102, 11, 2, User Add, null, system:user:add, null, 2
<==        Row: 1103, 11, 2, User Edit, null, system:user:edit, null, 3
<==        Row: 1104, 11, 2, User Delete, null, system:user:delete, null, 4
<==        Row: 1201, 12, 2, Role List, null, system:role:list, null, 1
<==        Row: 1202, 12, 2, Role Add, null, system:role:add, null, 2
<==        Row: 1203, 12, 2, Role Edit, null, system:role:edit, null, 3
<==        Row: 1204, 12, 2, Role Delete, null, system:role:delete, null, 4
<==        Row: 1301, 13, 2, Menu List, null, system:menu:list, null, 1
<==        Row: 1302, 13, 2, Menu Add, null, system:menu:add, null, 2
<==        Row: 1303, 13, 2, Menu Edit, null, system:menu:edit, null, 3
<==        Row: 1304, 13, 2, Menu Delete, null, system:menu:delete, null, 4
<==        Row: 2101, 21, 2, Job List, null, job:job:list, null, 1
<==        Row: 2102, 21, 2, Job Add, null, job:job:add, null, 2
<==        Row: 2103, 21, 2, Job Edit, null, job:job:edit, null, 3
<==        Row: 2104, 21, 2, Job Delete, null, job:job:delete, null, 4
<==        Row: 2105, 21, 2, Job Publish, null, job:job:publish, null, 5
<==        Row: 2106, 21, 2, Job Close, null, job:job:close, null, 6
<==        Row: 3101, 31, 2, Resume List, null, resume:resume:list, null, 1
<==        Row: 3102, 31, 2, Resume Add, null, resume:resume:add, null, 2
<==        Row: 3103, 31, 2, Resume Edit, null, resume:resume:edit, null, 3
<==        Row: 3104, 31, 2, Resume Delete, null, resume:resume:delete, null, 4
<==        Row: 3105, 31, 2, Resume Export, null, resume:resume:export, null, 5
<==        Row: 4101, 41, 2, Match Execute, null, match:match:execute, null, 1
<==        Row: 4102, 41, 2, Match Config View, null, match:config:view, null, 2
<==        Row: 4103, 41, 2, Match Config Edit, null, match:config:edit, null, 3
<==        Row: 5101, 51, 2, Application List, null, application:list, null, 1
<==        Row: 5102, 51, 2, Application Add, null, application:add, null, 2
<==        Row: 5103, 51, 2, Application Edit, null, application:edit, null, 3
<==        Row: 5201, 52, 2, Interview List, null, interview:list, null, 1
<==        Row: 5202, 52, 2, Interview Add, null, interview:add, null, 2
<==        Row: 5203, 52, 2, Interview Edit, null, interview:edit, null, 3
<==        Row: 6101, 61, 2, Dashboard View, null, stats:dashboard:view, null, 1
<==        Row: 6201, 62, 2, Source Report View, null, stats:report:view, null, 1
<==        Row: 6202, 62, 2, Source Report Export, null, stats:report:export, null, 2
<==      Total: 51
Closing non transactional SqlSession [org.apache.ibatis.session.defaults.DefaultSqlSession@5e60cef]
Creating a new SqlSession
SqlSession [org.apache.ibatis.session.defaults.DefaultSqlSession@21498f84] was not registered for synchronization because synchronization is not active
JDBC Connection [com.alibaba.druid.pool.DruidStatementConnection@519d8ae2] will not be managed by Spring
==>  Preparing: SELECT * FROM sys_user WHERE username = ? AND deleted = 0
==> Parameters: admin(String)
<==    Columns: id, username, real_name, phone, password, status, error_count, locked_until, deleted, created_time, updated_time
<==        Row: 1, admin, System Admin, 13800000000, $2a$10$CHHVPySZmO5DsDtGjAXwXugfDw4hPiI4HiOGoc8MSuyJqVM1e000q, 1, 0, null, 0, 2026-05-27 14:37:46, 2026-05-27 14:37:46
<==      Total: 1
Closing non transactional SqlSession [org.apache.ibatis.session.defaults.DefaultSqlSession@21498f84]
Creating a new SqlSession
SqlSession [org.apache.ibatis.session.defaults.DefaultSqlSession@1de34ff0] was not registered for synchronization because synchronization is not active
JDBC Connection [com.alibaba.druid.pool.DruidStatementConnection@519d8ae2] will not be managed by Spring
==>  Preparing: SELECT DISTINCT m.perm_code FROM sys_menu m INNER JOIN sys_role_menu rm ON m.id = rm.menu_id INNER JOIN sys_user_role ur ON rm.role_id = ur.role_id WHERE ur.user_id = ? AND m.perm_code IS NOT NULL AND m.perm_code != ''
==> Parameters: 1(Long)
<==    Columns: perm_code
<==        Row: system:user:list
<==        Row: system:user:add
<==        Row: system:user:edit
<==        Row: system:user:delete
<==        Row: system:role:list
<==        Row: system:role:add
<==        Row: system:role:edit
<==        Row: system:role:delete
<==        Row: system:menu:list
<==        Row: system:menu:add
<==        Row: system:menu:edit
<==        Row: system:menu:delete
<==        Row: job:job:list
<==        Row: job:job:add
<==        Row: job:job:edit
<==        Row: job:job:delete
<==        Row: job:job:publish
<==        Row: job:job:close
<==        Row: resume:resume:list
<==        Row: resume:resume:add
<==        Row: resume:resume:edit
<==        Row: resume:resume:delete
<==        Row: resume:resume:export
<==        Row: match:match:execute
<==        Row: match:config:view
<==        Row: match:config:edit
<==        Row: application:list
<==        Row: application:add
<==        Row: application:edit
<==        Row: interview:list
<==        Row: interview:add
<==        Row: interview:edit
<==        Row: stats:dashboard:view
<==        Row: stats:report:view
<==        Row: stats:report:export
<==      Total: 35
Closing non transactional SqlSession [org.apache.ibatis.session.defaults.DefaultSqlSession@1de34ff0]
Creating a new SqlSession
SqlSession [org.apache.ibatis.session.defaults.DefaultSqlSession@754549bd] was not registered for synchronization because synchronization is not active
Cache Hit Ratio [SQL_CACHE]: 0.75
JDBC Connection [com.alibaba.druid.pool.DruidStatementConnection@519d8ae2] will not be managed by Spring
==>  Preparing: SELECT count(0) FROM job_position WHERE deleted = 0
==> Parameters: 
<==    Columns: count(0)
<==        Row: 1
<==      Total: 1
==>  Preparing: SELECT * FROM job_position WHERE deleted = 0 ORDER BY created_time DESC LIMIT ?
==> Parameters: 10(Integer)
<==    Columns: id, title, department, job_type, location, salary_min, salary_max, edu_require, exp_require, description, skill_tags, status, deleted, creator_id, created_time, updated_time
<==        Row: 1, 自动化测试职位-0527, 智能招聘部, FULL_TIME, 杭州, 10000, 20000, BACHELOR, 1, <<BLOB>>, <<BLOB>>, OPEN, 0, 1, 2026-05-27 16:17:13, 2026-05-27 16:18:52
<==      Total: 1
Closing non transactional SqlSession [org.apache.ibatis.session.defaults.DefaultSqlSession@754549bd]
Creating a new SqlSession
SqlSession [org.apache.ibatis.session.defaults.DefaultSqlSession@e5ad506] was not registered for synchronization because synchronization is not active
JDBC Connection [com.alibaba.druid.pool.DruidStatementConnection@519d8ae2] will not be managed by Spring
==>  Preparing: SELECT * FROM sys_user WHERE username = ? AND deleted = 0
==> Parameters: admin(String)
<==    Columns: id, username, real_name, phone, password, status, error_count, locked_until, deleted, created_time, updated_time
<==        Row: 1, admin, System Admin, 13800000000, $2a$10$CHHVPySZmO5DsDtGjAXwXugfDw4hPiI4HiOGoc8MSuyJqVM1e000q, 1, 0, null, 0, 2026-05-27 14:37:46, 2026-05-27 14:37:46
<==      Total: 1
Closing non transactional SqlSession [org.apache.ibatis.session.defaults.DefaultSqlSession@e5ad506]
Creating a new SqlSession
SqlSession [org.apache.ibatis.session.defaults.DefaultSqlSession@78b2ef8b] was not registered for synchronization because synchronization is not active
JDBC Connection [com.alibaba.druid.pool.DruidStatementConnection@519d8ae2] will not be managed by Spring
==>  Preparing: SELECT DISTINCT m.perm_code FROM sys_menu m INNER JOIN sys_role_menu rm ON m.id = rm.menu_id INNER JOIN sys_user_role ur ON rm.role_id = ur.role_id WHERE ur.user_id = ? AND m.perm_code IS NOT NULL AND m.perm_code != ''
==> Parameters: 1(Long)
<==    Columns: perm_code
<==        Row: system:user:list
<==        Row: system:user:add
<==        Row: system:user:edit
<==        Row: system:user:delete
<==        Row: system:role:list
<==        Row: system:role:add
<==        Row: system:role:edit
<==        Row: system:role:delete
<==        Row: system:menu:list
<==        Row: system:menu:add
<==        Row: system:menu:edit
<==        Row: system:menu:delete
<==        Row: job:job:list
<==        Row: job:job:add
<==        Row: job:job:edit
<==        Row: job:job:delete
<==        Row: job:job:publish
<==        Row: job:job:close
<==        Row: resume:resume:list
<==        Row: resume:resume:add
<==        Row: resume:resume:edit
<==        Row: resume:resume:delete
<==        Row: resume:resume:export
<==        Row: match:match:execute
<==        Row: match:config:view
<==        Row: match:config:edit
<==        Row: application:list
<==        Row: application:add
<==        Row: application:edit
<==        Row: interview:list
<==        Row: interview:add
<==        Row: interview:edit
<==        Row: stats:dashboard:view
<==        Row: stats:report:view
<==        Row: stats:report:export
<==      Total: 35
Closing non transactional SqlSession [org.apache.ibatis.session.defaults.DefaultSqlSession@78b2ef8b]
Creating a new SqlSession
SqlSession [org.apache.ibatis.session.defaults.DefaultSqlSession@1219f118] was not registered for synchronization because synchronization is not active
Cache Hit Ratio [SQL_CACHE]: 0.7619047619047619
JDBC Connection [com.alibaba.druid.pool.DruidStatementConnection@519d8ae2] will not be managed by Spring
==>  Preparing: SELECT count(0) FROM (SELECT DISTINCT r.* FROM resume_main r WHERE r.deleted = 0) table_count
==> Parameters: 
<==    Columns: count(0)
<==        Row: 2
<==      Total: 1
==>  Preparing: SELECT DISTINCT r.* FROM resume_main r WHERE r.deleted = 0 ORDER BY r.created_time DESC LIMIT ?
==> Parameters: 10(Integer)
<==    Columns: id, name, phone, email, gender, birth_date, city, desired_position, desired_city, desired_salary_min, desired_salary_max, job_status, highest_edu, total_exp_years, file_path, parse_success, source, self_intro, deleted, creator_id, created_time, updated_time
<==        Row: 2, 自动化回归候选人0527B, 13900005271, auto0527b@example.com, null, null, 杭州, 前端开发工程师, 杭州, null, null, null, null, null, null, null, MANUAL, <<BLOB>>, 0, 1, 2026-05-27 16:36:50, 2026-05-27 16:36:50
<==        Row: 1, 自动化测试候选人0527, 13900005270, auto0527@example.com, null, null, 杭州, 前端开发工程师, 杭州, null, null, , null, null, null, null, MANUAL, <<BLOB>>, 0, 1, 2026-05-27 16:18:40, 2026-05-27 16:18:40
<==      Total: 2
Closing non transactional SqlSession [org.apache.ibatis.session.defaults.DefaultSqlSession@1219f118]
Creating a new SqlSession
SqlSession [org.apache.ibatis.session.defaults.DefaultSqlSession@7658e4ed] was not registered for synchronization because synchronization is not active
JDBC Connection [com.alibaba.druid.pool.DruidStatementConnection@519d8ae2] will not be managed by Spring
==>  Preparing: SELECT * FROM resume_education WHERE resume_id=? ORDER BY start_date DESC
==> Parameters: 2(Long)
<==      Total: 0
Closing non transactional SqlSession [org.apache.ibatis.session.defaults.DefaultSqlSession@7658e4ed]
Creating a new SqlSession
SqlSession [org.apache.ibatis.session.defaults.DefaultSqlSession@75e054d3] was not registered for synchronization because synchronization is not active
JDBC Connection [com.alibaba.druid.pool.DruidStatementConnection@519d8ae2] will not be managed by Spring
==>  Preparing: SELECT * FROM resume_work_exp WHERE resume_id=? ORDER BY start_date DESC
==> Parameters: 2(Long)
<==      Total: 0
Closing non transactional SqlSession [org.apache.ibatis.session.defaults.DefaultSqlSession@75e054d3]
Creating a new SqlSession
SqlSession [org.apache.ibatis.session.defaults.DefaultSqlSession@7e1a6f8a] was not registered for synchronization because synchronization is not active
JDBC Connection [com.alibaba.druid.pool.DruidStatementConnection@519d8ae2] will not be managed by Spring
==>  Preparing: SELECT * FROM resume_skill WHERE resume_id=?
==> Parameters: 2(Long)
<==    Columns: id, resume_id, skill_name
<==        Row: 4, 2, Vue3
<==        Row: 5, 2, TypeScript
<==      Total: 2
Closing non transactional SqlSession [org.apache.ibatis.session.defaults.DefaultSqlSession@7e1a6f8a]
Creating a new SqlSession
SqlSession [org.apache.ibatis.session.defaults.DefaultSqlSession@668291] was not registered for synchronization because synchronization is not active
JDBC Connection [com.alibaba.druid.pool.DruidStatementConnection@519d8ae2] will not be managed by Spring
==>  Preparing: SELECT * FROM resume_education WHERE resume_id=? ORDER BY start_date DESC
==> Parameters: 1(Long)
<==      Total: 0
Closing non transactional SqlSession [org.apache.ibatis.session.defaults.DefaultSqlSession@668291]
Creating a new SqlSession
SqlSession [org.apache.ibatis.session.defaults.DefaultSqlSession@463a27ca] was not registered for synchronization because synchronization is not active
JDBC Connection [com.alibaba.druid.pool.DruidStatementConnection@519d8ae2] will not be managed by Spring
==>  Preparing: SELECT * FROM resume_work_exp WHERE resume_id=? ORDER BY start_date DESC
==> Parameters: 1(Long)
<==      Total: 0
Closing non transactional SqlSession [org.apache.ibatis.session.defaults.DefaultSqlSession@463a27ca]
Creating a new SqlSession
SqlSession [org.apache.ibatis.session.defaults.DefaultSqlSession@3d5784f6] was not registered for synchronization because synchronization is not active
JDBC Connection [com.alibaba.druid.pool.DruidStatementConnection@519d8ae2] will not be managed by Spring
==>  Preparing: SELECT * FROM resume_skill WHERE resume_id=?
==> Parameters: 1(Long)
<==    Columns: id, resume_id, skill_name
<==        Row: 1, 1, Vue3
<==        Row: 2, 1, TypeScript
<==        Row: 3, 1, 招聘流程
<==      Total: 3
Closing non transactional SqlSession [org.apache.ibatis.session.defaults.DefaultSqlSession@3d5784f6]
Creating a new SqlSession
Creating a new SqlSession
SqlSession [org.apache.ibatis.session.defaults.DefaultSqlSession@517ddaba] was not registered for synchronization because synchronization is not active
SqlSession [org.apache.ibatis.session.defaults.DefaultSqlSession@3d96e660] was not registered for synchronization because synchronization is not active
JDBC Connection [com.alibaba.druid.pool.DruidStatementConnection@519d8ae2] will not be managed by Spring
==>  Preparing: SELECT * FROM sys_user WHERE username = ? AND deleted = 0
JDBC Connection [com.alibaba.druid.pool.DruidStatementConnection@63316ce7] will not be managed by Spring
==>  Preparing: SELECT * FROM sys_user WHERE username = ? AND deleted = 0
==> Parameters: admin(String)
==> Parameters: admin(String)
<==    Columns: id, username, real_name, phone, password, status, error_count, locked_until, deleted, created_time, updated_time
<==    Columns: id, username, real_name, phone, password, status, error_count, locked_until, deleted, created_time, updated_time
<==        Row: 1, admin, System Admin, 13800000000, $2a$10$CHHVPySZmO5DsDtGjAXwXugfDw4hPiI4HiOGoc8MSuyJqVM1e000q, 1, 0, null, 0, 2026-05-27 14:37:46, 2026-05-27 14:37:46
<==        Row: 1, admin, System Admin, 13800000000, $2a$10$CHHVPySZmO5DsDtGjAXwXugfDw4hPiI4HiOGoc8MSuyJqVM1e000q, 1, 0, null, 0, 2026-05-27 14:37:46, 2026-05-27 14:37:46
<==      Total: 1
<==      Total: 1
Closing non transactional SqlSession [org.apache.ibatis.session.defaults.DefaultSqlSession@3d96e660]
Closing non transactional SqlSession [org.apache.ibatis.session.defaults.DefaultSqlSession@517ddaba]
Creating a new SqlSession
Creating a new SqlSession
SqlSession [org.apache.ibatis.session.defaults.DefaultSqlSession@87b5848] was not registered for synchronization because synchronization is not active
SqlSession [org.apache.ibatis.session.defaults.DefaultSqlSession@754d6001] was not registered for synchronization because synchronization is not active
JDBC Connection [com.alibaba.druid.pool.DruidStatementConnection@519d8ae2] will not be managed by Spring
JDBC Connection [com.alibaba.druid.pool.DruidStatementConnection@63316ce7] will not be managed by Spring
==>  Preparing: SELECT DISTINCT m.perm_code FROM sys_menu m INNER JOIN sys_role_menu rm ON m.id = rm.menu_id INNER JOIN sys_user_role ur ON rm.role_id = ur.role_id WHERE ur.user_id = ? AND m.perm_code IS NOT NULL AND m.perm_code != ''
==>  Preparing: SELECT DISTINCT m.perm_code FROM sys_menu m INNER JOIN sys_role_menu rm ON m.id = rm.menu_id INNER JOIN sys_user_role ur ON rm.role_id = ur.role_id WHERE ur.user_id = ? AND m.perm_code IS NOT NULL AND m.perm_code != ''
==> Parameters: 1(Long)
==> Parameters: 1(Long)
<==    Columns: perm_code
<==        Row: system:user:list
<==    Columns: perm_code
<==        Row: system:user:list
<==        Row: system:user:add
<==        Row: system:user:edit
<==        Row: system:user:delete
<==        Row: system:user:add
<==        Row: system:role:list
<==        Row: system:user:edit
<==        Row: system:role:add
<==        Row: system:user:delete
<==        Row: system:role:edit
<==        Row: system:role:list
<==        Row: system:role:delete
<==        Row: system:menu:list
<==        Row: system:menu:add
<==        Row: system:menu:edit
<==        Row: system:menu:delete
<==        Row: system:role:add
<==        Row: job:job:list
<==        Row: system:role:edit
<==        Row: system:role:delete
<==        Row: job:job:add
<==        Row: job:job:edit
<==        Row: job:job:delete
<==        Row: job:job:publish
<==        Row: system:menu:list
<==        Row: job:job:close
<==        Row: resume:resume:list
<==        Row: resume:resume:add
<==        Row: resume:resume:edit
<==        Row: resume:resume:delete
<==        Row: resume:resume:export
<==        Row: system:menu:add
<==        Row: system:menu:edit
<==        Row: system:menu:delete
<==        Row: job:job:list
<==        Row: match:match:execute
<==        Row: match:config:view
<==        Row: match:config:edit
<==        Row: application:list
<==        Row: application:add
<==        Row: application:edit
<==        Row: job:job:add
<==        Row: job:job:edit
<==        Row: job:job:delete
<==        Row: job:job:publish
<==        Row: job:job:close
<==        Row: resume:resume:list
<==        Row: resume:resume:add
<==        Row: resume:resume:edit
<==        Row: interview:list
<==        Row: interview:add
<==        Row: interview:edit
<==        Row: stats:dashboard:view
<==        Row: stats:report:view
<==        Row: resume:resume:delete
<==        Row: resume:resume:export
<==        Row: match:match:execute
<==        Row: match:config:view
<==        Row: match:config:edit
<==        Row: application:list
<==        Row: stats:report:export
<==      Total: 35
<==        Row: application:add
<==        Row: application:edit
<==        Row: interview:list
<==        Row: interview:add
<==        Row: interview:edit
<==        Row: stats:dashboard:view
<==        Row: stats:report:view
<==        Row: stats:report:export
<==      Total: 35
Closing non transactional SqlSession [org.apache.ibatis.session.defaults.DefaultSqlSession@87b5848]
Closing non transactional SqlSession [org.apache.ibatis.session.defaults.DefaultSqlSession@754d6001]
Creating a new SqlSession
SqlSession [org.apache.ibatis.session.defaults.DefaultSqlSession@15f827ab] was not registered for synchronization because synchronization is not active
Creating a new SqlSession
SqlSession [org.apache.ibatis.session.defaults.DefaultSqlSession@2428f12a] was not registered for synchronization because synchronization is not active
JDBC Connection [com.alibaba.druid.pool.DruidStatementConnection@63316ce7] will not be managed by Spring
==>  Preparing: SELECT * FROM match_config LIMIT 1
==> Parameters: 
Cache Hit Ratio [SQL_CACHE]: 0.7727272727272727
JDBC Connection [com.alibaba.druid.pool.DruidStatementConnection@519d8ae2] will not be managed by Spring
==>  Preparing: SELECT count(0) FROM job_position WHERE deleted = 0 AND status = ?
==> Parameters: OPEN(String)
<==    Columns: id, skill_weight, edu_weight, exp_weight, updated_time, updater_id
<==        Row: 1, 50, 30, 20, 2026-05-27 14:37:46, 1
<==    Columns: count(0)
<==        Row: 1
<==      Total: 1
<==      Total: 1
Closing non transactional SqlSession [org.apache.ibatis.session.defaults.DefaultSqlSession@15f827ab]
==>  Preparing: SELECT * FROM job_position WHERE deleted = 0 AND status = ? ORDER BY created_time DESC LIMIT ?
==> Parameters: OPEN(String), 999(Integer)
<==    Columns: id, title, department, job_type, location, salary_min, salary_max, edu_require, exp_require, description, skill_tags, status, deleted, creator_id, created_time, updated_time
<==        Row: 1, 自动化测试职位-0527, 智能招聘部, FULL_TIME, 杭州, 10000, 20000, BACHELOR, 1, <<BLOB>>, <<BLOB>>, OPEN, 0, 1, 2026-05-27 16:17:13, 2026-05-27 16:18:52
<==      Total: 1
Closing non transactional SqlSession [org.apache.ibatis.session.defaults.DefaultSqlSession@2428f12a]
Creating a new SqlSession
SqlSession [org.apache.ibatis.session.defaults.DefaultSqlSession@306f5f45] was not registered for synchronization because synchronization is not active
JDBC Connection [com.alibaba.druid.pool.DruidStatementConnection@519d8ae2] will not be managed by Spring
==>  Preparing: SELECT * FROM sys_user WHERE username = ? AND deleted = 0
==> Parameters: admin(String)
<==    Columns: id, username, real_name, phone, password, status, error_count, locked_until, deleted, created_time, updated_time
<==        Row: 1, admin, System Admin, 13800000000, $2a$10$CHHVPySZmO5DsDtGjAXwXugfDw4hPiI4HiOGoc8MSuyJqVM1e000q, 1, 0, null, 0, 2026-05-27 14:37:46, 2026-05-27 14:37:46
<==      Total: 1
Closing non transactional SqlSession [org.apache.ibatis.session.defaults.DefaultSqlSession@306f5f45]
Creating a new SqlSession
SqlSession [org.apache.ibatis.session.defaults.DefaultSqlSession@71a49138] was not registered for synchronization because synchronization is not active
JDBC Connection [com.alibaba.druid.pool.DruidStatementConnection@519d8ae2] will not be managed by Spring
==>  Preparing: SELECT DISTINCT m.perm_code FROM sys_menu m INNER JOIN sys_role_menu rm ON m.id = rm.menu_id INNER JOIN sys_user_role ur ON rm.role_id = ur.role_id WHERE ur.user_id = ? AND m.perm_code IS NOT NULL AND m.perm_code != ''
==> Parameters: 1(Long)
<==    Columns: perm_code
<==        Row: system:user:list
<==        Row: system:user:add
<==        Row: system:user:edit
<==        Row: system:user:delete
<==        Row: system:role:list
<==        Row: system:role:add
<==        Row: system:role:edit
<==        Row: system:role:delete
<==        Row: system:menu:list
<==        Row: system:menu:add
<==        Row: system:menu:edit
<==        Row: system:menu:delete
<==        Row: job:job:list
<==        Row: job:job:add
<==        Row: job:job:edit
<==        Row: job:job:delete
<==        Row: job:job:publish
<==        Row: job:job:close
<==        Row: resume:resume:list
<==        Row: resume:resume:add
<==        Row: resume:resume:edit
<==        Row: resume:resume:delete
<==        Row: resume:resume:export
<==        Row: match:match:execute
<==        Row: match:config:view
<==        Row: match:config:edit
<==        Row: application:list
<==        Row: application:add
<==        Row: application:edit
<==        Row: interview:list
<==        Row: interview:add
<==        Row: interview:edit
<==        Row: stats:dashboard:view
<==        Row: stats:report:view
<==        Row: stats:report:export
<==      Total: 35
Closing non transactional SqlSession [org.apache.ibatis.session.defaults.DefaultSqlSession@71a49138]
Creating a new SqlSession
Registering transaction synchronization for SqlSession [org.apache.ibatis.session.defaults.DefaultSqlSession@66e56d63]
JDBC Connection [com.alibaba.druid.pool.DruidStatementConnection@519d8ae2] will be managed by Spring
==>  Preparing: SELECT * FROM job_position WHERE id=? AND deleted=0
==> Parameters: 1(Long)
<==    Columns: id, title, department, job_type, location, salary_min, salary_max, edu_require, exp_require, description, skill_tags, status, deleted, creator_id, created_time, updated_time
<==        Row: 1, 自动化测试职位-0527, 智能招聘部, FULL_TIME, 杭州, 10000, 20000, BACHELOR, 1, <<BLOB>>, <<BLOB>>, OPEN, 0, 1, 2026-05-27 16:17:13, 2026-05-27 16:18:52
<==      Total: 1
Releasing transactional SqlSession [org.apache.ibatis.session.defaults.DefaultSqlSession@66e56d63]
Fetched SqlSession [org.apache.ibatis.session.defaults.DefaultSqlSession@66e56d63] from current transaction
==>  Preparing: SELECT * FROM match_config LIMIT 1
==> Parameters: 
<==    Columns: id, skill_weight, edu_weight, exp_weight, updated_time, updater_id
<==        Row: 1, 50, 30, 20, 2026-05-27 14:37:46, 1
<==      Total: 1
Releasing transactional SqlSession [org.apache.ibatis.session.defaults.DefaultSqlSession@66e56d63]
Fetched SqlSession [org.apache.ibatis.session.defaults.DefaultSqlSession@66e56d63] from current transaction
==>  Preparing: SELECT * FROM resume_main WHERE deleted=0
==> Parameters: 
<==    Columns: id, name, phone, email, gender, birth_date, city, desired_position, desired_city, desired_salary_min, desired_salary_max, job_status, highest_edu, total_exp_years, file_path, parse_success, source, self_intro, deleted, creator_id, created_time, updated_time
<==        Row: 1, 自动化测试候选人0527, 13900005270, auto0527@example.com, null, null, 杭州, 前端开发工程师, 杭州, null, null, , null, null, null, null, MANUAL, <<BLOB>>, 0, 1, 2026-05-27 16:18:40, 2026-05-27 16:18:40
<==        Row: 2, 自动化回归候选人0527B, 13900005271, auto0527b@example.com, null, null, 杭州, 前端开发工程师, 杭州, null, null, null, null, null, null, null, MANUAL, <<BLOB>>, 0, 1, 2026-05-27 16:36:50, 2026-05-27 16:36:50
<==      Total: 2
Releasing transactional SqlSession [org.apache.ibatis.session.defaults.DefaultSqlSession@66e56d63]
Fetched SqlSession [org.apache.ibatis.session.defaults.DefaultSqlSession@66e56d63] from current transaction
==>  Preparing: SELECT * FROM resume_skill WHERE resume_id=?
==> Parameters: 1(Long)
<==    Columns: id, resume_id, skill_name
<==        Row: 1, 1, Vue3
<==        Row: 2, 1, TypeScript
<==        Row: 3, 1, 招聘流程
<==      Total: 3
Releasing transactional SqlSession [org.apache.ibatis.session.defaults.DefaultSqlSession@66e56d63]
Fetched SqlSession [org.apache.ibatis.session.defaults.DefaultSqlSession@66e56d63] from current transaction
==>  Preparing: SELECT * FROM resume_skill WHERE resume_id=?
==> Parameters: 2(Long)
<==    Columns: id, resume_id, skill_name
<==        Row: 4, 2, Vue3
<==        Row: 5, 2, TypeScript
<==      Total: 2
Releasing transactional SqlSession [org.apache.ibatis.session.defaults.DefaultSqlSession@66e56d63]
Fetched SqlSession [org.apache.ibatis.session.defaults.DefaultSqlSession@66e56d63] from current transaction
==>  Preparing: DELETE FROM match_result WHERE position_id=?
==> Parameters: 1(Long)
<==    Updates: 1
Releasing transactional SqlSession [org.apache.ibatis.session.defaults.DefaultSqlSession@66e56d63]
Fetched SqlSession [org.apache.ibatis.session.defaults.DefaultSqlSession@66e56d63] from current transaction
==>  Preparing: INSERT INTO match_result(position_id,resume_id,total_score,skill_score,edu_score,exp_score,matched_at) VALUES (?,?,?,?,?,?,NOW()) , (?,?,?,?,?,?,NOW())
==> Parameters: 1(Long), 1(Long), 63.34(BigDecimal), 66.67(BigDecimal), 100(BigDecimal), 0(BigDecimal), 1(Long), 2(Long), 63.34(BigDecimal), 66.67(BigDecimal), 100(BigDecimal), 0(BigDecimal)
<==    Updates: 2
Releasing transactional SqlSession [org.apache.ibatis.session.defaults.DefaultSqlSession@66e56d63]
Fetched SqlSession [org.apache.ibatis.session.defaults.DefaultSqlSession@66e56d63] from current transaction
==>  Preparing: SELECT mr.*, r.name as resume_name, r.phone as resume_phone FROM match_result mr LEFT JOIN resume_main r ON mr.resume_id = r.id WHERE mr.position_id=? ORDER BY mr.total_score DESC
==> Parameters: 1(Long)
<==    Columns: id, position_id, resume_id, total_score, skill_score, edu_score, exp_score, matched_at, resume_name, resume_phone
<==        Row: 2, 1, 1, 63.34, 66.67, 100.00, 0.00, 2026-05-27 16:59:03, 自动化测试候选人0527, 13900005270
<==        Row: 3, 1, 2, 63.34, 66.67, 100.00, 0.00, 2026-05-27 16:59:03, 自动化回归候选人0527B, 13900005271
<==      Total: 2
Releasing transactional SqlSession [org.apache.ibatis.session.defaults.DefaultSqlSession@66e56d63]
Transaction synchronization committing SqlSession [org.apache.ibatis.session.defaults.DefaultSqlSession@66e56d63]
Transaction synchronization deregistering SqlSession [org.apache.ibatis.session.defaults.DefaultSqlSession@66e56d63]
Transaction synchronization closing SqlSession [org.apache.ibatis.session.defaults.DefaultSqlSession@66e56d63]
Creating a new SqlSession
SqlSession [org.apache.ibatis.session.defaults.DefaultSqlSession@605dc9b8] was not registered for synchronization because synchronization is not active
JDBC Connection [com.alibaba.druid.pool.DruidStatementConnection@519d8ae2] will not be managed by Spring
==>  Preparing: SELECT * FROM sys_user WHERE username = ? AND deleted = 0
==> Parameters: admin(String)
<==    Columns: id, username, real_name, phone, password, status, error_count, locked_until, deleted, created_time, updated_time
<==        Row: 1, admin, System Admin, 13800000000, $2a$10$CHHVPySZmO5DsDtGjAXwXugfDw4hPiI4HiOGoc8MSuyJqVM1e000q, 1, 0, null, 0, 2026-05-27 14:37:46, 2026-05-27 14:37:46
<==      Total: 1
Closing non transactional SqlSession [org.apache.ibatis.session.defaults.DefaultSqlSession@605dc9b8]
Creating a new SqlSession
SqlSession [org.apache.ibatis.session.defaults.DefaultSqlSession@6c9ae88e] was not registered for synchronization because synchronization is not active
JDBC Connection [com.alibaba.druid.pool.DruidStatementConnection@519d8ae2] will not be managed by Spring
==>  Preparing: SELECT DISTINCT m.perm_code FROM sys_menu m INNER JOIN sys_role_menu rm ON m.id = rm.menu_id INNER JOIN sys_user_role ur ON rm.role_id = ur.role_id WHERE ur.user_id = ? AND m.perm_code IS NOT NULL AND m.perm_code != ''
==> Parameters: 1(Long)
<==    Columns: perm_code
<==        Row: system:user:list
<==        Row: system:user:add
<==        Row: system:user:edit
<==        Row: system:user:delete
<==        Row: system:role:list
<==        Row: system:role:add
<==        Row: system:role:edit
<==        Row: system:role:delete
<==        Row: system:menu:list
<==        Row: system:menu:add
<==        Row: system:menu:edit
<==        Row: system:menu:delete
<==        Row: job:job:list
<==        Row: job:job:add
<==        Row: job:job:edit
<==        Row: job:job:delete
<==        Row: job:job:publish
<==        Row: job:job:close
<==        Row: resume:resume:list
<==        Row: resume:resume:add
<==        Row: resume:resume:edit
<==        Row: resume:resume:delete
<==        Row: resume:resume:export
<==        Row: match:match:execute
<==        Row: match:config:view
<==        Row: match:config:edit
<==        Row: application:list
<==        Row: application:add
<==        Row: application:edit
<==        Row: interview:list
<==        Row: interview:add
<==        Row: interview:edit
<==        Row: stats:dashboard:view
<==        Row: stats:report:view
<==        Row: stats:report:export
<==      Total: 35
Closing non transactional SqlSession [org.apache.ibatis.session.defaults.DefaultSqlSession@6c9ae88e]
Creating a new SqlSession
SqlSession [org.apache.ibatis.session.defaults.DefaultSqlSession@41bdc135] was not registered for synchronization because synchronization is not active
JDBC Connection [com.alibaba.druid.pool.DruidStatementConnection@519d8ae2] will not be managed by Spring
==>  Preparing: SELECT * FROM match_config LIMIT 1
==> Parameters: 
<==    Columns: id, skill_weight, edu_weight, exp_weight, updated_time, updater_id
<==        Row: 1, 50, 30, 20, 2026-05-27 14:37:46, 1
<==      Total: 1
Closing non transactional SqlSession [org.apache.ibatis.session.defaults.DefaultSqlSession@41bdc135]
Creating a new SqlSession
SqlSession [org.apache.ibatis.session.defaults.DefaultSqlSession@507de7f3] was not registered for synchronization because synchronization is not active
JDBC Connection [com.alibaba.druid.pool.DruidStatementConnection@519d8ae2] will not be managed by Spring
==>  Preparing: UPDATE match_config SET skill_weight=?,edu_weight=?, exp_weight=?,updated_time=NOW(),updater_id=? WHERE id=?
==> Parameters: 50(Integer), 30(Integer), 20(Integer), 1(Long), 1(Long)
<==    Updates: 1
Closing non transactional SqlSession [org.apache.ibatis.session.defaults.DefaultSqlSession@507de7f3]
Creating a new SqlSession
SqlSession [org.apache.ibatis.session.defaults.DefaultSqlSession@6f959569] was not registered for synchronization because synchronization is not active
Creating a new SqlSession
SqlSession [org.apache.ibatis.session.defaults.DefaultSqlSession@4d8f8fc6] was not registered for synchronization because synchronization is not active
Creating a new SqlSession
SqlSession [org.apache.ibatis.session.defaults.DefaultSqlSession@36f9798a] was not registered for synchronization because synchronization is not active
JDBC Connection [com.alibaba.druid.pool.DruidStatementConnection@63316ce7] will not be managed by Spring
==>  Preparing: SELECT * FROM sys_user WHERE username = ? AND deleted = 0
JDBC Connection [com.alibaba.druid.pool.DruidStatementConnection@519d8ae2] will not be managed by Spring
==>  Preparing: SELECT * FROM sys_user WHERE username = ? AND deleted = 0
==> Parameters: admin(String)
==> Parameters: admin(String)
JDBC Connection [com.alibaba.druid.pool.DruidStatementConnection@3515cda0] will not be managed by Spring
==>  Preparing: SELECT * FROM sys_user WHERE username = ? AND deleted = 0
==> Parameters: admin(String)
<==    Columns: id, username, real_name, phone, password, status, error_count, locked_until, deleted, created_time, updated_time
<==    Columns: id, username, real_name, phone, password, status, error_count, locked_until, deleted, created_time, updated_time
<==    Columns: id, username, real_name, phone, password, status, error_count, locked_until, deleted, created_time, updated_time
<==        Row: 1, admin, System Admin, 13800000000, $2a$10$CHHVPySZmO5DsDtGjAXwXugfDw4hPiI4HiOGoc8MSuyJqVM1e000q, 1, 0, null, 0, 2026-05-27 14:37:46, 2026-05-27 14:37:46
<==        Row: 1, admin, System Admin, 13800000000, $2a$10$CHHVPySZmO5DsDtGjAXwXugfDw4hPiI4HiOGoc8MSuyJqVM1e000q, 1, 0, null, 0, 2026-05-27 14:37:46, 2026-05-27 14:37:46
<==        Row: 1, admin, System Admin, 13800000000, $2a$10$CHHVPySZmO5DsDtGjAXwXugfDw4hPiI4HiOGoc8MSuyJqVM1e000q, 1, 0, null, 0, 2026-05-27 14:37:46, 2026-05-27 14:37:46
<==      Total: 1
<==      Total: 1
<==      Total: 1
Closing non transactional SqlSession [org.apache.ibatis.session.defaults.DefaultSqlSession@4d8f8fc6]
Closing non transactional SqlSession [org.apache.ibatis.session.defaults.DefaultSqlSession@36f9798a]
Closing non transactional SqlSession [org.apache.ibatis.session.defaults.DefaultSqlSession@6f959569]
Creating a new SqlSession
Creating a new SqlSession
Creating a new SqlSession
SqlSession [org.apache.ibatis.session.defaults.DefaultSqlSession@b953a4b] was not registered for synchronization because synchronization is not active
SqlSession [org.apache.ibatis.session.defaults.DefaultSqlSession@14ea8be8] was not registered for synchronization because synchronization is not active
SqlSession [org.apache.ibatis.session.defaults.DefaultSqlSession@548a32fd] was not registered for synchronization because synchronization is not active
JDBC Connection [com.alibaba.druid.pool.DruidStatementConnection@519d8ae2] will not be managed by Spring
JDBC Connection [com.alibaba.druid.pool.DruidStatementConnection@3515cda0] will not be managed by Spring
==>  Preparing: SELECT DISTINCT m.perm_code FROM sys_menu m INNER JOIN sys_role_menu rm ON m.id = rm.menu_id INNER JOIN sys_user_role ur ON rm.role_id = ur.role_id WHERE ur.user_id = ? AND m.perm_code IS NOT NULL AND m.perm_code != ''
JDBC Connection [com.alibaba.druid.pool.DruidStatementConnection@63316ce7] will not be managed by Spring
==>  Preparing: SELECT DISTINCT m.perm_code FROM sys_menu m INNER JOIN sys_role_menu rm ON m.id = rm.menu_id INNER JOIN sys_user_role ur ON rm.role_id = ur.role_id WHERE ur.user_id = ? AND m.perm_code IS NOT NULL AND m.perm_code != ''
==>  Preparing: SELECT DISTINCT m.perm_code FROM sys_menu m INNER JOIN sys_role_menu rm ON m.id = rm.menu_id INNER JOIN sys_user_role ur ON rm.role_id = ur.role_id WHERE ur.user_id = ? AND m.perm_code IS NOT NULL AND m.perm_code != ''
==> Parameters: 1(Long)
==> Parameters: 1(Long)
==> Parameters: 1(Long)
<==    Columns: perm_code
<==        Row: system:user:list
<==    Columns: perm_code
<==        Row: system:user:add
<==        Row: system:user:list
<==        Row: system:user:edit
<==        Row: system:user:delete
<==        Row: system:role:list
<==        Row: system:role:add
<==        Row: system:role:edit
<==        Row: system:role:delete
<==        Row: system:menu:list
<==        Row: system:menu:add
<==        Row: system:user:add
<==        Row: system:menu:edit
<==        Row: system:user:edit
<==        Row: system:user:delete
<==        Row: system:role:list
<==        Row: system:role:add
<==        Row: system:role:edit
<==        Row: system:menu:delete
<==        Row: system:role:delete
<==        Row: system:menu:list
<==        Row: system:menu:add
<==        Row: system:menu:edit
<==        Row: job:job:list
<==        Row: job:job:add
<==        Row: job:job:edit
<==        Row: job:job:delete
<==        Row: job:job:publish
<==        Row: job:job:close
<==        Row: resume:resume:list
<==        Row: resume:resume:add
<==        Row: resume:resume:edit
<==        Row: resume:resume:delete
<==        Row: resume:resume:export
<==        Row: match:match:execute
<==        Row: match:config:view
<==        Row: match:config:edit
<==        Row: application:list
<==        Row: system:menu:delete
<==        Row: job:job:list
<==        Row: job:job:add
<==        Row: job:job:edit
<==        Row: job:job:delete
<==        Row: job:job:publish
<==        Row: job:job:close
<==        Row: resume:resume:list
<==        Row: resume:resume:add
<==        Row: application:add
<==        Row: application:edit
<==        Row: resume:resume:edit
<==        Row: interview:list
<==        Row: interview:add
<==        Row: resume:resume:delete
<==        Row: interview:edit
<==        Row: stats:dashboard:view
<==        Row: resume:resume:export
<==        Row: match:match:execute
<==        Row: stats:report:view
<==        Row: match:config:view
<==    Columns: perm_code
<==        Row: system:user:list
<==        Row: stats:report:export
<==        Row: match:config:edit
<==        Row: application:list
<==        Row: application:add
<==        Row: application:edit
<==        Row: system:user:add
<==        Row: system:user:edit
<==      Total: 35
<==        Row: interview:list
<==        Row: interview:add
<==        Row: interview:edit
<==        Row: stats:dashboard:view
<==        Row: stats:report:view
<==        Row: system:user:delete
<==        Row: stats:report:export
<==      Total: 35
<==        Row: system:role:list
<==        Row: system:role:add
<==        Row: system:role:edit
<==        Row: system:role:delete
<==        Row: system:menu:list
<==        Row: system:menu:add
<==        Row: system:menu:edit
<==        Row: system:menu:delete
<==        Row: job:job:list
<==        Row: job:job:add
<==        Row: job:job:edit
<==        Row: job:job:delete
<==        Row: job:job:publish
<==        Row: job:job:close
<==        Row: resume:resume:list
<==        Row: resume:resume:add
<==        Row: resume:resume:edit
<==        Row: resume:resume:delete
<==        Row: resume:resume:export
<==        Row: match:match:execute
<==        Row: match:config:view
<==        Row: match:config:edit
<==        Row: application:list
<==        Row: application:add
<==        Row: application:edit
<==        Row: interview:list
<==        Row: interview:add
<==        Row: interview:edit
<==        Row: stats:dashboard:view
<==        Row: stats:report:view
<==        Row: stats:report:export
<==      Total: 35
Closing non transactional SqlSession [org.apache.ibatis.session.defaults.DefaultSqlSession@b953a4b]
Closing non transactional SqlSession [org.apache.ibatis.session.defaults.DefaultSqlSession@14ea8be8]
Closing non transactional SqlSession [org.apache.ibatis.session.defaults.DefaultSqlSession@548a32fd]
Creating a new SqlSession
Creating a new SqlSession
Creating a new SqlSession
SqlSession [org.apache.ibatis.session.defaults.DefaultSqlSession@528f329c] was not registered for synchronization because synchronization is not active
SqlSession [org.apache.ibatis.session.defaults.DefaultSqlSession@4b4914d7] was not registered for synchronization because synchronization is not active
SqlSession [org.apache.ibatis.session.defaults.DefaultSqlSession@31de6f68] was not registered for synchronization because synchronization is not active
Cache Hit Ratio [SQL_CACHE]: 0.782608695652174
Cache Hit Ratio [SQL_CACHE]: 0.7916666666666666
Cache Hit Ratio [SQL_CACHE]: 0.8
JDBC Connection [com.alibaba.druid.pool.DruidStatementConnection@3515cda0] will not be managed by Spring
==>  Preparing: SELECT count(0) FROM (SELECT DISTINCT r.* FROM resume_main r WHERE r.deleted = 0) table_count
JDBC Connection [com.alibaba.druid.pool.DruidStatementConnection@63316ce7] will not be managed by Spring
==>  Preparing: SELECT count(0) FROM job_position WHERE deleted = 0
==> Parameters: 
==> Parameters: 
<==    Columns: count(0)
<==        Row: 1
<==    Columns: count(0)
<==        Row: 2
<==      Total: 1
<==      Total: 1
==>  Preparing: SELECT DISTINCT r.* FROM resume_main r WHERE r.deleted = 0 ORDER BY r.created_time DESC LIMIT ?
==>  Preparing: SELECT * FROM job_position WHERE deleted = 0 ORDER BY created_time DESC LIMIT ?
==> Parameters: 999(Integer)
==> Parameters: 999(Integer)
JDBC Connection [com.alibaba.druid.pool.DruidStatementConnection@519d8ae2] will not be managed by Spring
==>  Preparing: SELECT count(0) FROM job_application a LEFT JOIN job_position p ON a.position_id = p.id LEFT JOIN resume_main r ON a.resume_id = r.id WHERE 1 = 1
==> Parameters: 
<==    Columns: id, name, phone, email, gender, birth_date, city, desired_position, desired_city, desired_salary_min, desired_salary_max, job_status, highest_edu, total_exp_years, file_path, parse_success, source, self_intro, deleted, creator_id, created_time, updated_time
<==        Row: 2, 自动化回归候选人0527B, 13900005271, auto0527b@example.com, null, null, 杭州, 前端开发工程师, 杭州, null, null, null, null, null, null, null, MANUAL, <<BLOB>>, 0, 1, 2026-05-27 16:36:50, 2026-05-27 16:36:50
<==    Columns: id, title, department, job_type, location, salary_min, salary_max, edu_require, exp_require, description, skill_tags, status, deleted, creator_id, created_time, updated_time
<==        Row: 1, 自动化测试职位-0527, 智能招聘部, FULL_TIME, 杭州, 10000, 20000, BACHELOR, 1, <<BLOB>>, <<BLOB>>, OPEN, 0, 1, 2026-05-27 16:17:13, 2026-05-27 16:18:52
<==    Columns: count(0)
<==        Row: 2
<==      Total: 1
<==      Total: 1
==>  Preparing: SELECT a.*, p.title as position_title, r.name as resume_name FROM job_application a LEFT JOIN job_position p ON a.position_id = p.id LEFT JOIN resume_main r ON a.resume_id = r.id WHERE 1=1 ORDER BY a.created_time DESC LIMIT ?
==> Parameters: 10(Integer)
Closing non transactional SqlSession [org.apache.ibatis.session.defaults.DefaultSqlSession@4b4914d7]
<==        Row: 1, 自动化测试候选人0527, 13900005270, auto0527@example.com, null, null, 杭州, 前端开发工程师, 杭州, null, null, , null, null, null, null, MANUAL, <<BLOB>>, 0, 1, 2026-05-27 16:18:40, 2026-05-27 16:18:40
<==      Total: 2
Closing non transactional SqlSession [org.apache.ibatis.session.defaults.DefaultSqlSession@528f329c]
Creating a new SqlSession
SqlSession [org.apache.ibatis.session.defaults.DefaultSqlSession@53ed2680] was not registered for synchronization because synchronization is not active
JDBC Connection [com.alibaba.druid.pool.DruidStatementConnection@3515cda0] will not be managed by Spring
==>  Preparing: SELECT * FROM resume_education WHERE resume_id=? ORDER BY start_date DESC
<==    Columns: id, position_id, resume_id, status, operate_time, operator_id, remark, created_time, position_title, resume_name
<==        Row: 2, 1, 2, INTERVIEW_PASSED, 2026-05-27 16:37:31, 1, 面试结果：PASS, 2026-05-27 16:36:50, 自动化测试职位-0527, 自动化回归候选人0527B
==> Parameters: 2(Long)
<==        Row: 1, 1, 1, INTERVIEW_PASSED, 2026-05-27 16:29:53, 1, 面试结果：PASS, 2026-05-27 16:19:47, 自动化测试职位-0527, 自动化测试候选人0527
<==      Total: 2
Closing non transactional SqlSession [org.apache.ibatis.session.defaults.DefaultSqlSession@31de6f68]
<==      Total: 0
Closing non transactional SqlSession [org.apache.ibatis.session.defaults.DefaultSqlSession@53ed2680]
Creating a new SqlSession
SqlSession [org.apache.ibatis.session.defaults.DefaultSqlSession@6e904139] was not registered for synchronization because synchronization is not active
JDBC Connection [com.alibaba.druid.pool.DruidStatementConnection@3515cda0] will not be managed by Spring
==>  Preparing: SELECT * FROM resume_work_exp WHERE resume_id=? ORDER BY start_date DESC
==> Parameters: 2(Long)
<==      Total: 0
Closing non transactional SqlSession [org.apache.ibatis.session.defaults.DefaultSqlSession@6e904139]
Creating a new SqlSession
SqlSession [org.apache.ibatis.session.defaults.DefaultSqlSession@18d12c8] was not registered for synchronization because synchronization is not active
JDBC Connection [com.alibaba.druid.pool.DruidStatementConnection@3515cda0] will not be managed by Spring
==>  Preparing: SELECT * FROM resume_skill WHERE resume_id=?
==> Parameters: 2(Long)
<==    Columns: id, resume_id, skill_name
<==        Row: 4, 2, Vue3
<==        Row: 5, 2, TypeScript
<==      Total: 2
Closing non transactional SqlSession [org.apache.ibatis.session.defaults.DefaultSqlSession@18d12c8]
Creating a new SqlSession
SqlSession [org.apache.ibatis.session.defaults.DefaultSqlSession@7a1f1d4a] was not registered for synchronization because synchronization is not active
JDBC Connection [com.alibaba.druid.pool.DruidStatementConnection@3515cda0] will not be managed by Spring
==>  Preparing: SELECT * FROM resume_education WHERE resume_id=? ORDER BY start_date DESC
==> Parameters: 1(Long)
<==      Total: 0
Closing non transactional SqlSession [org.apache.ibatis.session.defaults.DefaultSqlSession@7a1f1d4a]
Creating a new SqlSession
SqlSession [org.apache.ibatis.session.defaults.DefaultSqlSession@5f9f113f] was not registered for synchronization because synchronization is not active
JDBC Connection [com.alibaba.druid.pool.DruidStatementConnection@3515cda0] will not be managed by Spring
==>  Preparing: SELECT * FROM resume_work_exp WHERE resume_id=? ORDER BY start_date DESC
==> Parameters: 1(Long)
<==      Total: 0
Closing non transactional SqlSession [org.apache.ibatis.session.defaults.DefaultSqlSession@5f9f113f]
Creating a new SqlSession
SqlSession [org.apache.ibatis.session.defaults.DefaultSqlSession@1b3d05f2] was not registered for synchronization because synchronization is not active
JDBC Connection [com.alibaba.druid.pool.DruidStatementConnection@3515cda0] will not be managed by Spring
==>  Preparing: SELECT * FROM resume_skill WHERE resume_id=?
==> Parameters: 1(Long)
<==    Columns: id, resume_id, skill_name
<==        Row: 1, 1, Vue3
<==        Row: 2, 1, TypeScript
<==        Row: 3, 1, 招聘流程
<==      Total: 3
Closing non transactional SqlSession [org.apache.ibatis.session.defaults.DefaultSqlSession@1b3d05f2]
Creating a new SqlSession
Creating a new SqlSession
SqlSession [org.apache.ibatis.session.defaults.DefaultSqlSession@5b3183e3] was not registered for synchronization because synchronization is not active
SqlSession [org.apache.ibatis.session.defaults.DefaultSqlSession@2ca73aca] was not registered for synchronization because synchronization is not active
JDBC Connection [com.alibaba.druid.pool.DruidStatementConnection@3515cda0] will not be managed by Spring
JDBC Connection [com.alibaba.druid.pool.DruidStatementConnection@519d8ae2] will not be managed by Spring
==>  Preparing: SELECT * FROM sys_user WHERE username = ? AND deleted = 0
==>  Preparing: SELECT * FROM sys_user WHERE username = ? AND deleted = 0
==> Parameters: admin(String)
==> Parameters: admin(String)
<==    Columns: id, username, real_name, phone, password, status, error_count, locked_until, deleted, created_time, updated_time
<==        Row: 1, admin, System Admin, 13800000000, $2a$10$CHHVPySZmO5DsDtGjAXwXugfDw4hPiI4HiOGoc8MSuyJqVM1e000q, 1, 0, null, 0, 2026-05-27 14:37:46, 2026-05-27 14:37:46
<==    Columns: id, username, real_name, phone, password, status, error_count, locked_until, deleted, created_time, updated_time
<==        Row: 1, admin, System Admin, 13800000000, $2a$10$CHHVPySZmO5DsDtGjAXwXugfDw4hPiI4HiOGoc8MSuyJqVM1e000q, 1, 0, null, 0, 2026-05-27 14:37:46, 2026-05-27 14:37:46
<==      Total: 1
<==      Total: 1
Closing non transactional SqlSession [org.apache.ibatis.session.defaults.DefaultSqlSession@5b3183e3]
Creating a new SqlSession
Closing non transactional SqlSession [org.apache.ibatis.session.defaults.DefaultSqlSession@2ca73aca]
SqlSession [org.apache.ibatis.session.defaults.DefaultSqlSession@61b1a7b] was not registered for synchronization because synchronization is not active
Creating a new SqlSession
SqlSession [org.apache.ibatis.session.defaults.DefaultSqlSession@30855562] was not registered for synchronization because synchronization is not active
JDBC Connection [com.alibaba.druid.pool.DruidStatementConnection@3515cda0] will not be managed by Spring
JDBC Connection [com.alibaba.druid.pool.DruidStatementConnection@519d8ae2] will not be managed by Spring
==>  Preparing: SELECT DISTINCT m.perm_code FROM sys_menu m INNER JOIN sys_role_menu rm ON m.id = rm.menu_id INNER JOIN sys_user_role ur ON rm.role_id = ur.role_id WHERE ur.user_id = ? AND m.perm_code IS NOT NULL AND m.perm_code != ''
==>  Preparing: SELECT DISTINCT m.perm_code FROM sys_menu m INNER JOIN sys_role_menu rm ON m.id = rm.menu_id INNER JOIN sys_user_role ur ON rm.role_id = ur.role_id WHERE ur.user_id = ? AND m.perm_code IS NOT NULL AND m.perm_code != ''
==> Parameters: 1(Long)
==> Parameters: 1(Long)
<==    Columns: perm_code
<==    Columns: perm_code
<==        Row: system:user:list
<==        Row: system:user:list
<==        Row: system:user:add
<==        Row: system:user:edit
<==        Row: system:user:delete
<==        Row: system:role:list
<==        Row: system:role:add
<==        Row: system:role:edit
<==        Row: system:role:delete
<==        Row: system:user:add
<==        Row: system:menu:list
<==        Row: system:user:edit
<==        Row: system:user:delete
<==        Row: system:menu:add
<==        Row: system:role:list
<==        Row: system:menu:edit
<==        Row: system:role:add
<==        Row: system:menu:delete
<==        Row: system:role:edit
<==        Row: job:job:list
<==        Row: job:job:add
<==        Row: job:job:edit
<==        Row: system:role:delete
<==        Row: job:job:delete
<==        Row: system:menu:list
<==        Row: job:job:publish
<==        Row: system:menu:add
<==        Row: job:job:close
<==        Row: system:menu:edit
<==        Row: system:menu:delete
<==        Row: job:job:list
<==        Row: resume:resume:list
<==        Row: resume:resume:add
<==        Row: job:job:add
<==        Row: resume:resume:edit
<==        Row: job:job:edit
<==        Row: resume:resume:delete
<==        Row: job:job:delete
<==        Row: resume:resume:export
<==        Row: job:job:publish
<==        Row: match:match:execute
<==        Row: job:job:close
<==        Row: resume:resume:list
<==        Row: match:config:view
<==        Row: resume:resume:add
<==        Row: match:config:edit
<==        Row: resume:resume:edit
<==        Row: resume:resume:delete
<==        Row: application:list
<==        Row: application:add
<==        Row: application:edit
<==        Row: interview:list
<==        Row: interview:add
<==        Row: interview:edit
<==        Row: resume:resume:export
<==        Row: stats:dashboard:view
<==        Row: match:match:execute
<==        Row: stats:report:view
<==        Row: match:config:view
<==        Row: stats:report:export
<==        Row: match:config:edit
<==      Total: 35
<==        Row: application:list
<==        Row: application:add
<==        Row: application:edit
<==        Row: interview:list
<==        Row: interview:add
<==        Row: interview:edit
<==        Row: stats:dashboard:view
<==        Row: stats:report:view
<==        Row: stats:report:export
<==      Total: 35
Closing non transactional SqlSession [org.apache.ibatis.session.defaults.DefaultSqlSession@61b1a7b]
Closing non transactional SqlSession [org.apache.ibatis.session.defaults.DefaultSqlSession@30855562]
Creating a new SqlSession
Creating a new SqlSession
SqlSession [org.apache.ibatis.session.defaults.DefaultSqlSession@6b3b612d] was not registered for synchronization because synchronization is not active
SqlSession [org.apache.ibatis.session.defaults.DefaultSqlSession@6c861b9e] was not registered for synchronization because synchronization is not active
Cache Hit Ratio [SQL_CACHE]: 0.8076923076923077
Cache Hit Ratio [SQL_CACHE]: 0.8148148148148148
JDBC Connection [com.alibaba.druid.pool.DruidStatementConnection@519d8ae2] will not be managed by Spring
==>  Preparing: SELECT count(0) FROM interview_record WHERE 1 = 1
==> Parameters: 
JDBC Connection [com.alibaba.druid.pool.DruidStatementConnection@3515cda0] will not be managed by Spring
==>  Preparing: SELECT count(0) FROM job_application a LEFT JOIN job_position p ON a.position_id = p.id LEFT JOIN resume_main r ON a.resume_id = r.id WHERE 1 = 1
==> Parameters: 
<==    Columns: count(0)
<==    Columns: count(0)
<==        Row: 2
<==        Row: 2
<==      Total: 1
<==      Total: 1
==>  Preparing: SELECT * FROM interview_record WHERE 1=1 ORDER BY interview_time DESC LIMIT ?
==>  Preparing: SELECT a.*, p.title as position_title, r.name as resume_name FROM job_application a LEFT JOIN job_position p ON a.position_id = p.id LEFT JOIN resume_main r ON a.resume_id = r.id WHERE 1=1 ORDER BY a.created_time DESC LIMIT ?
==> Parameters: 10(Integer)
==> Parameters: 999(Integer)
<==    Columns: id, application_id, interview_time, interviewer, location, score, comment, result, created_time
<==        Row: 2, 2, 2026-05-27 20:00:00, 面试官B, 线上会议室-回归, 5, <<BLOB>>, PASS, 2026-05-27 16:36:50
<==        Row: 1, 1, 2026-05-27 19:30:00, 面试官A, 线上会议室-自动化, 5, <<BLOB>>, PASS, 2026-05-27 16:29:44
<==    Columns: id, position_id, resume_id, status, operate_time, operator_id, remark, created_time, position_title, resume_name
<==        Row: 2, 1, 2, INTERVIEW_PASSED, 2026-05-27 16:37:31, 1, 面试结果：PASS, 2026-05-27 16:36:50, 自动化测试职位-0527, 自动化回归候选人0527B
<==      Total: 2
<==        Row: 1, 1, 1, INTERVIEW_PASSED, 2026-05-27 16:29:53, 1, 面试结果：PASS, 2026-05-27 16:19:47, 自动化测试职位-0527, 自动化测试候选人0527
<==      Total: 2
Closing non transactional SqlSession [org.apache.ibatis.session.defaults.DefaultSqlSession@6b3b612d]
Closing non transactional SqlSession [org.apache.ibatis.session.defaults.DefaultSqlSession@6c861b9e]
Creating a new SqlSession
SqlSession [org.apache.ibatis.session.defaults.DefaultSqlSession@4a4d79b0] was not registered for synchronization because synchronization is not active
JDBC Connection [com.alibaba.druid.pool.DruidStatementConnection@519d8ae2] will not be managed by Spring
==>  Preparing: SELECT * FROM sys_user WHERE username = ? AND deleted = 0
==> Parameters: admin(String)
<==    Columns: id, username, real_name, phone, password, status, error_count, locked_until, deleted, created_time, updated_time
<==        Row: 1, admin, System Admin, 13800000000, $2a$10$CHHVPySZmO5DsDtGjAXwXugfDw4hPiI4HiOGoc8MSuyJqVM1e000q, 1, 0, null, 0, 2026-05-27 14:37:46, 2026-05-27 14:37:46
<==      Total: 1
Closing non transactional SqlSession [org.apache.ibatis.session.defaults.DefaultSqlSession@4a4d79b0]
Creating a new SqlSession
SqlSession [org.apache.ibatis.session.defaults.DefaultSqlSession@4d41d3e7] was not registered for synchronization because synchronization is not active
JDBC Connection [com.alibaba.druid.pool.DruidStatementConnection@519d8ae2] will not be managed by Spring
==>  Preparing: SELECT DISTINCT m.perm_code FROM sys_menu m INNER JOIN sys_role_menu rm ON m.id = rm.menu_id INNER JOIN sys_user_role ur ON rm.role_id = ur.role_id WHERE ur.user_id = ? AND m.perm_code IS NOT NULL AND m.perm_code != ''
==> Parameters: 1(Long)
<==    Columns: perm_code
<==        Row: system:user:list
<==        Row: system:user:add
<==        Row: system:user:edit
<==        Row: system:user:delete
<==        Row: system:role:list
<==        Row: system:role:add
<==        Row: system:role:edit
<==        Row: system:role:delete
<==        Row: system:menu:list
<==        Row: system:menu:add
<==        Row: system:menu:edit
<==        Row: system:menu:delete
<==        Row: job:job:list
<==        Row: job:job:add
<==        Row: job:job:edit
<==        Row: job:job:delete
<==        Row: job:job:publish
<==        Row: job:job:close
<==        Row: resume:resume:list
<==        Row: resume:resume:add
<==        Row: resume:resume:edit
<==        Row: resume:resume:delete
<==        Row: resume:resume:export
<==        Row: match:match:execute
<==        Row: match:config:view
<==        Row: match:config:edit
<==        Row: application:list
<==        Row: application:add
<==        Row: application:edit
<==        Row: interview:list
<==        Row: interview:add
<==        Row: interview:edit
<==        Row: stats:dashboard:view
<==        Row: stats:report:view
<==        Row: stats:report:export
<==      Total: 35
Closing non transactional SqlSession [org.apache.ibatis.session.defaults.DefaultSqlSession@4d41d3e7]
Creating a new SqlSession
SqlSession [org.apache.ibatis.session.defaults.DefaultSqlSession@3250c8da] was not registered for synchronization because synchronization is not active
JDBC Connection [com.alibaba.druid.pool.DruidStatementConnection@519d8ae2] will not be managed by Spring
==>  Preparing: SELECT * FROM sys_user WHERE username = ? AND deleted = 0
==> Parameters: admin(String)
<==    Columns: id, username, real_name, phone, password, status, error_count, locked_until, deleted, created_time, updated_time
<==        Row: 1, admin, System Admin, 13800000000, $2a$10$CHHVPySZmO5DsDtGjAXwXugfDw4hPiI4HiOGoc8MSuyJqVM1e000q, 1, 0, null, 0, 2026-05-27 14:37:46, 2026-05-27 14:37:46
<==      Total: 1
Closing non transactional SqlSession [org.apache.ibatis.session.defaults.DefaultSqlSession@3250c8da]
Creating a new SqlSession
SqlSession [org.apache.ibatis.session.defaults.DefaultSqlSession@b563930] was not registered for synchronization because synchronization is not active
JDBC Connection [com.alibaba.druid.pool.DruidStatementConnection@519d8ae2] will not be managed by Spring
==>  Preparing: SELECT DISTINCT m.perm_code FROM sys_menu m INNER JOIN sys_role_menu rm ON m.id = rm.menu_id INNER JOIN sys_user_role ur ON rm.role_id = ur.role_id WHERE ur.user_id = ? AND m.perm_code IS NOT NULL AND m.perm_code != ''
==> Parameters: 1(Long)
<==    Columns: perm_code
<==        Row: system:user:list
<==        Row: system:user:add
<==        Row: system:user:edit
<==        Row: system:user:delete
<==        Row: system:role:list
<==        Row: system:role:add
<==        Row: system:role:edit
<==        Row: system:role:delete
<==        Row: system:menu:list
<==        Row: system:menu:add
<==        Row: system:menu:edit
<==        Row: system:menu:delete
<==        Row: job:job:list
<==        Row: job:job:add
<==        Row: job:job:edit
<==        Row: job:job:delete
<==        Row: job:job:publish
<==        Row: job:job:close
<==        Row: resume:resume:list
<==        Row: resume:resume:add
<==        Row: resume:resume:edit
<==        Row: resume:resume:delete
<==        Row: resume:resume:export
<==        Row: match:match:execute
<==        Row: match:config:view
<==        Row: match:config:edit
<==        Row: application:list
<==        Row: application:add
<==        Row: application:edit
<==        Row: interview:list
<==        Row: interview:add
<==        Row: interview:edit
<==        Row: stats:dashboard:view
<==        Row: stats:report:view
<==        Row: stats:report:export
<==      Total: 35
Closing non transactional SqlSession [org.apache.ibatis.session.defaults.DefaultSqlSession@b563930]
Creating a new SqlSession
Creating a new SqlSession
SqlSession [org.apache.ibatis.session.defaults.DefaultSqlSession@125bd82b] was not registered for synchronization because synchronization is not active
SqlSession [org.apache.ibatis.session.defaults.DefaultSqlSession@e0f9c66] was not registered for synchronization because synchronization is not active
JDBC Connection [com.alibaba.druid.pool.DruidStatementConnection@519d8ae2] will not be managed by Spring
==>  Preparing: SELECT * FROM sys_user WHERE username = ? AND deleted = 0
JDBC Connection [com.alibaba.druid.pool.DruidStatementConnection@3515cda0] will not be managed by Spring
==>  Preparing: SELECT * FROM sys_user WHERE username = ? AND deleted = 0
==> Parameters: admin(String)
==> Parameters: admin(String)
<==    Columns: id, username, real_name, phone, password, status, error_count, locked_until, deleted, created_time, updated_time
<==    Columns: id, username, real_name, phone, password, status, error_count, locked_until, deleted, created_time, updated_time
<==        Row: 1, admin, System Admin, 13800000000, $2a$10$CHHVPySZmO5DsDtGjAXwXugfDw4hPiI4HiOGoc8MSuyJqVM1e000q, 1, 0, null, 0, 2026-05-27 14:37:46, 2026-05-27 14:37:46
<==        Row: 1, admin, System Admin, 13800000000, $2a$10$CHHVPySZmO5DsDtGjAXwXugfDw4hPiI4HiOGoc8MSuyJqVM1e000q, 1, 0, null, 0, 2026-05-27 14:37:46, 2026-05-27 14:37:46
<==      Total: 1
<==      Total: 1
Closing non transactional SqlSession [org.apache.ibatis.session.defaults.DefaultSqlSession@125bd82b]
Closing non transactional SqlSession [org.apache.ibatis.session.defaults.DefaultSqlSession@e0f9c66]
Creating a new SqlSession
Creating a new SqlSession
SqlSession [org.apache.ibatis.session.defaults.DefaultSqlSession@3c2768fd] was not registered for synchronization because synchronization is not active
SqlSession [org.apache.ibatis.session.defaults.DefaultSqlSession@7ebc8e53] was not registered for synchronization because synchronization is not active
JDBC Connection [com.alibaba.druid.pool.DruidStatementConnection@3515cda0] will not be managed by Spring
JDBC Connection [com.alibaba.druid.pool.DruidStatementConnection@519d8ae2] will not be managed by Spring
==>  Preparing: SELECT DISTINCT m.perm_code FROM sys_menu m INNER JOIN sys_role_menu rm ON m.id = rm.menu_id INNER JOIN sys_user_role ur ON rm.role_id = ur.role_id WHERE ur.user_id = ? AND m.perm_code IS NOT NULL AND m.perm_code != ''
==>  Preparing: SELECT DISTINCT m.perm_code FROM sys_menu m INNER JOIN sys_role_menu rm ON m.id = rm.menu_id INNER JOIN sys_user_role ur ON rm.role_id = ur.role_id WHERE ur.user_id = ? AND m.perm_code IS NOT NULL AND m.perm_code != ''
==> Parameters: 1(Long)
==> Parameters: 1(Long)
<==    Columns: perm_code
<==        Row: system:user:list
<==    Columns: perm_code
<==        Row: system:user:list
<==        Row: system:user:add
<==        Row: system:user:edit
<==        Row: system:user:delete
<==        Row: system:role:list
<==        Row: system:role:add
<==        Row: system:role:edit
<==        Row: system:role:delete
<==        Row: system:menu:list
<==        Row: system:menu:add
<==        Row: system:menu:edit
<==        Row: system:menu:delete
<==        Row: job:job:list
<==        Row: job:job:add
<==        Row: system:user:add
<==        Row: job:job:edit
<==        Row: system:user:edit
<==        Row: job:job:delete
<==        Row: system:user:delete
<==        Row: job:job:publish
<==        Row: system:role:list
<==        Row: job:job:close
<==        Row: system:role:add
<==        Row: resume:resume:list
<==        Row: system:role:edit
<==        Row: resume:resume:add
<==        Row: system:role:delete
<==        Row: resume:resume:edit
<==        Row: system:menu:list
<==        Row: resume:resume:delete
<==        Row: system:menu:add
<==        Row: resume:resume:export
<==        Row: system:menu:edit
<==        Row: match:match:execute
<==        Row: system:menu:delete
<==        Row: match:config:view
<==        Row: job:job:list
<==        Row: match:config:edit
<==        Row: job:job:add
<==        Row: application:list
<==        Row: job:job:edit
<==        Row: application:add
<==        Row: job:job:delete
<==        Row: application:edit
<==        Row: job:job:publish
<==        Row: interview:list
<==        Row: interview:add
<==        Row: job:job:close
<==        Row: interview:edit
<==        Row: resume:resume:list
<==        Row: stats:dashboard:view
<==        Row: resume:resume:add
<==        Row: stats:report:view
<==        Row: resume:resume:edit
<==        Row: stats:report:export
<==        Row: resume:resume:delete
<==      Total: 35
<==        Row: resume:resume:export
<==        Row: match:match:execute
<==        Row: match:config:view
<==        Row: match:config:edit
<==        Row: application:list
<==        Row: application:add
<==        Row: application:edit
<==        Row: interview:list
<==        Row: interview:add
<==        Row: interview:edit
<==        Row: stats:dashboard:view
<==        Row: stats:report:view
<==        Row: stats:report:export
<==      Total: 35
Closing non transactional SqlSession [org.apache.ibatis.session.defaults.DefaultSqlSession@3c2768fd]
Closing non transactional SqlSession [org.apache.ibatis.session.defaults.DefaultSqlSession@7ebc8e53]
Creating a new SqlSession
SqlSession [org.apache.ibatis.session.defaults.DefaultSqlSession@4b983a91] was not registered for synchronization because synchronization is not active
Creating a new SqlSession
SqlSession [org.apache.ibatis.session.defaults.DefaultSqlSession@3a525c49] was not registered for synchronization because synchronization is not active
Cache Hit Ratio [SQL_CACHE]: 0.8214285714285714
JDBC Connection [com.alibaba.druid.pool.DruidStatementConnection@519d8ae2] will not be managed by Spring
==>  Preparing: SELECT * FROM sys_role ORDER BY id
==> Parameters: 
<==    Columns: id, role_name, role_code, builtin, status, remark, created_time, updated_time
<==        Row: 1, Super Admin, SUPER_ADMIN, 1, 1, Built-in super admin, 2026-05-27 14:37:46, 2026-05-27 14:37:46
<==        Row: 2, HR Admin, HR_ADMIN, 0, 1, HR admin, 2026-05-27 14:37:46, 2026-05-27 14:37:46
<==        Row: 3, HR Staff, HR_STAFF, 0, 1, HR staff, 2026-05-27 14:37:46, 2026-05-27 14:37:46
<==      Total: 3
JDBC Connection [com.alibaba.druid.pool.DruidStatementConnection@3515cda0] will not be managed by Spring
==>  Preparing: SELECT count(0) FROM sys_user WHERE deleted = 0
==> Parameters: 
Closing non transactional SqlSession [org.apache.ibatis.session.defaults.DefaultSqlSession@4b983a91]
<==    Columns: count(0)
<==        Row: 1
<==      Total: 1
==>  Preparing: SELECT * FROM sys_user WHERE deleted = 0 ORDER BY created_time DESC LIMIT ?
==> Parameters: 10(Integer)
<==    Columns: id, username, real_name, phone, password, status, error_count, locked_until, deleted, created_time, updated_time
<==        Row: 1, admin, System Admin, 13800000000, $2a$10$CHHVPySZmO5DsDtGjAXwXugfDw4hPiI4HiOGoc8MSuyJqVM1e000q, 1, 0, null, 0, 2026-05-27 14:37:46, 2026-05-27 14:37:46
<==      Total: 1
Closing non transactional SqlSession [org.apache.ibatis.session.defaults.DefaultSqlSession@3a525c49]
Creating a new SqlSession
SqlSession [org.apache.ibatis.session.defaults.DefaultSqlSession@2dccf5af] was not registered for synchronization because synchronization is not active
JDBC Connection [com.alibaba.druid.pool.DruidStatementConnection@3515cda0] will not be managed by Spring
==>  Preparing: SELECT * FROM sys_user WHERE username = ? AND deleted = 0
==> Parameters: admin(String)
<==    Columns: id, username, real_name, phone, password, status, error_count, locked_until, deleted, created_time, updated_time
<==        Row: 1, admin, System Admin, 13800000000, $2a$10$CHHVPySZmO5DsDtGjAXwXugfDw4hPiI4HiOGoc8MSuyJqVM1e000q, 1, 0, null, 0, 2026-05-27 14:37:46, 2026-05-27 14:37:46
<==      Total: 1
Closing non transactional SqlSession [org.apache.ibatis.session.defaults.DefaultSqlSession@2dccf5af]
Creating a new SqlSession
SqlSession [org.apache.ibatis.session.defaults.DefaultSqlSession@24f713aa] was not registered for synchronization because synchronization is not active
JDBC Connection [com.alibaba.druid.pool.DruidStatementConnection@3515cda0] will not be managed by Spring
==>  Preparing: SELECT DISTINCT m.perm_code FROM sys_menu m INNER JOIN sys_role_menu rm ON m.id = rm.menu_id INNER JOIN sys_user_role ur ON rm.role_id = ur.role_id WHERE ur.user_id = ? AND m.perm_code IS NOT NULL AND m.perm_code != ''
==> Parameters: 1(Long)
<==    Columns: perm_code
<==        Row: system:user:list
<==        Row: system:user:add
<==        Row: system:user:edit
<==        Row: system:user:delete
<==        Row: system:role:list
<==        Row: system:role:add
<==        Row: system:role:edit
<==        Row: system:role:delete
<==        Row: system:menu:list
<==        Row: system:menu:add
<==        Row: system:menu:edit
<==        Row: system:menu:delete
<==        Row: job:job:list
<==        Row: job:job:add
<==        Row: job:job:edit
<==        Row: job:job:delete
<==        Row: job:job:publish
<==        Row: job:job:close
<==        Row: resume:resume:list
<==        Row: resume:resume:add
<==        Row: resume:resume:edit
<==        Row: resume:resume:delete
<==        Row: resume:resume:export
<==        Row: match:match:execute
<==        Row: match:config:view
<==        Row: match:config:edit
<==        Row: application:list
<==        Row: application:add
<==        Row: application:edit
<==        Row: interview:list
<==        Row: interview:add
<==        Row: interview:edit
<==        Row: stats:dashboard:view
<==        Row: stats:report:view
<==        Row: stats:report:export
<==      Total: 35
Closing non transactional SqlSession [org.apache.ibatis.session.defaults.DefaultSqlSession@24f713aa]
Creating a new SqlSession
SqlSession [org.apache.ibatis.session.defaults.DefaultSqlSession@596d4d45] was not registered for synchronization because synchronization is not active
JDBC Connection [com.alibaba.druid.pool.DruidStatementConnection@3515cda0] will not be managed by Spring
==>  Preparing: SELECT * FROM sys_user WHERE username = ? AND deleted = 0
==> Parameters: admin(String)
<==    Columns: id, username, real_name, phone, password, status, error_count, locked_until, deleted, created_time, updated_time
<==        Row: 1, admin, System Admin, 13800000000, $2a$10$CHHVPySZmO5DsDtGjAXwXugfDw4hPiI4HiOGoc8MSuyJqVM1e000q, 1, 0, null, 0, 2026-05-27 14:37:46, 2026-05-27 14:37:46
<==      Total: 1
Closing non transactional SqlSession [org.apache.ibatis.session.defaults.DefaultSqlSession@596d4d45]
Creating a new SqlSession
SqlSession [org.apache.ibatis.session.defaults.DefaultSqlSession@76502992] was not registered for synchronization because synchronization is not active
JDBC Connection [com.alibaba.druid.pool.DruidStatementConnection@3515cda0] will not be managed by Spring
==>  Preparing: SELECT DISTINCT m.perm_code FROM sys_menu m INNER JOIN sys_role_menu rm ON m.id = rm.menu_id INNER JOIN sys_user_role ur ON rm.role_id = ur.role_id WHERE ur.user_id = ? AND m.perm_code IS NOT NULL AND m.perm_code != ''
==> Parameters: 1(Long)
<==    Columns: perm_code
<==        Row: system:user:list
<==        Row: system:user:add
<==        Row: system:user:edit
<==        Row: system:user:delete
<==        Row: system:role:list
<==        Row: system:role:add
<==        Row: system:role:edit
<==        Row: system:role:delete
<==        Row: system:menu:list
<==        Row: system:menu:add
<==        Row: system:menu:edit
<==        Row: system:menu:delete
<==        Row: job:job:list
<==        Row: job:job:add
<==        Row: job:job:edit
<==        Row: job:job:delete
<==        Row: job:job:publish
<==        Row: job:job:close
<==        Row: resume:resume:list
<==        Row: resume:resume:add
<==        Row: resume:resume:edit
<==        Row: resume:resume:delete
<==        Row: resume:resume:export
<==        Row: match:match:execute
<==        Row: match:config:view
<==        Row: match:config:edit
<==        Row: application:list
<==        Row: application:add
<==        Row: application:edit
<==        Row: interview:list
<==        Row: interview:add
<==        Row: interview:edit
<==        Row: stats:dashboard:view
<==        Row: stats:report:view
<==        Row: stats:report:export
<==      Total: 35
Closing non transactional SqlSession [org.apache.ibatis.session.defaults.DefaultSqlSession@76502992]
Creating a new SqlSession
SqlSession [org.apache.ibatis.session.defaults.DefaultSqlSession@1ffe9551] was not registered for synchronization because synchronization is not active
JDBC Connection [com.alibaba.druid.pool.DruidStatementConnection@3515cda0] will not be managed by Spring
==>  Preparing: SELECT * FROM sys_user WHERE username = ? AND deleted = 0
==> Parameters: admin(String)
<==    Columns: id, username, real_name, phone, password, status, error_count, locked_until, deleted, created_time, updated_time
<==        Row: 1, admin, System Admin, 13800000000, $2a$10$CHHVPySZmO5DsDtGjAXwXugfDw4hPiI4HiOGoc8MSuyJqVM1e000q, 1, 0, null, 0, 2026-05-27 14:37:46, 2026-05-27 14:37:46
<==      Total: 1
Closing non transactional SqlSession [org.apache.ibatis.session.defaults.DefaultSqlSession@1ffe9551]
Creating a new SqlSession
SqlSession [org.apache.ibatis.session.defaults.DefaultSqlSession@3dadd6c4] was not registered for synchronization because synchronization is not active
JDBC Connection [com.alibaba.druid.pool.DruidStatementConnection@3515cda0] will not be managed by Spring
==>  Preparing: SELECT DISTINCT m.perm_code FROM sys_menu m INNER JOIN sys_role_menu rm ON m.id = rm.menu_id INNER JOIN sys_user_role ur ON rm.role_id = ur.role_id WHERE ur.user_id = ? AND m.perm_code IS NOT NULL AND m.perm_code != ''
==> Parameters: 1(Long)
<==    Columns: perm_code
<==        Row: system:user:list
<==        Row: system:user:add
<==        Row: system:user:edit
<==        Row: system:user:delete
<==        Row: system:role:list
<==        Row: system:role:add
<==        Row: system:role:edit
<==        Row: system:role:delete
<==        Row: system:menu:list
<==        Row: system:menu:add
<==        Row: system:menu:edit
<==        Row: system:menu:delete
<==        Row: job:job:list
<==        Row: job:job:add
<==        Row: job:job:edit
<==        Row: job:job:delete
<==        Row: job:job:publish
<==        Row: job:job:close
<==        Row: resume:resume:list
<==        Row: resume:resume:add
<==        Row: resume:resume:edit
<==        Row: resume:resume:delete
<==        Row: resume:resume:export
<==        Row: match:match:execute
<==        Row: match:config:view
<==        Row: match:config:edit
<==        Row: application:list
<==        Row: application:add
<==        Row: application:edit
<==        Row: interview:list
<==        Row: interview:add
<==        Row: interview:edit
<==        Row: stats:dashboard:view
<==        Row: stats:report:view
<==        Row: stats:report:export
<==      Total: 35
Closing non transactional SqlSession [org.apache.ibatis.session.defaults.DefaultSqlSession@3dadd6c4]
